start_time,crypto_code,e_roi,time_cost,ask,ask_q,ask_1,ask_1_q,bid_2,bid_2_q,roi_30,ask_30,ask_q_30,ask_1_30,ask_1_q_30,bid_2_30,bid_2_q_30,roi_100,ask_100,ask_q_100,ask_1_100,ask_1_q_100,bid_2_100,bid_2_q_100,roi_300,ask_300,ask_q_300,ask_1_300,ask_1_q_300,bid_2_300,bid_2_q_300
1626969636.3053243,SAND,1.0048906715911876,568.0468850135803,295.91,6.5444,0.0016649,1444.0,0.49507,855314.9,0.9996356025654478,295.99,10.7144,0.0016732,19376.0,0.49507,488115.5,1.004774771373204,295.98,7.9592,0.0016783,60.0,0.49513,1440.3,0.9965562457059418,296.11,1.6951,0.0016783,60.0,0.49525,908.8
1626969883.6178038,NMR,1.0133472306667826,246.58520913124084,297.75,1.5186,0.1044,4.39,31.5,318.882,0.9931630082763584,297.75,1.3007,0.1057,43.06,31.257,10.72,1.0062747635542253,297.72,12.5362,0.1057,43.06,31.277,8.9,0.9936582449176908,297.75,1.3007,0.1056,33.99,31.243,13.123
1626970604.5709543,SAND,1.0053683664618105,720.1718640327454,295.49,11.855,0.0016999,2669.0,0.505,344496.3,1.0031259530131074,295.49,24.4109,0.0017037,113.0,0.505,84378.1,1.002230967846655,295.47,7.7522,0.001709,3893.0,0.50339,1823.0,0.9989027062584958,295.45,1.2521,0.001709,1284.0,0.50437,4020.1
1626972629.620499,IOTA,1.0057562758810934,2024.343742609024,296.22,2.2819,0.002217,150.0,0.6605,225.96,0.997753553780781,296.22,2.2819,0.002227,38.4,0.6582,151.51,1.0022201872269734,296.23,2.4782,0.002227,38.4,0.6582,154.14,0.9974167058900534,296.23,2.3765,0.002227,38.4,0.658,122.39
1626972717.2272124,KEEP,1.0048670015457726,87.06267714500427,295.89,1.191,0.000824,6179.0,0.245,149994.0,0.9974367718276338,295.91,13.0,0.000825,6173.0,0.2435,19777.0,0.9990573754221386,295.91,13.0,0.000826,815.0,0.2436,6000.0,0.9970474793436882,295.91,13.0,0.000826,815.0,0.2437,680.0
1626974907.7115889,ALPHA,1.0050280115664365,2189.9218034744263,295.24,7.1749,0.0018684,33.0,0.5544,87.0,0.9969069425225016,295.24,6.8596,0.0018843,260.0,0.5546,1688.33,1.0057981535626737,295.28,23.44,0.0018842,814.0,0.5549,90.28,0.9994678179845776,295.28,4.0,0.0018843,260.0,0.5561,2911.34
1626975177.1647642,COCOS,1.004483277927411,268.8906590938568,295.13,8.4497,0.001889,4.1,0.56,9184.17,1.004483277927411,295.13,8.4497,0.001889,4.1,0.56,9184.17,1.0042450874482276,295.2,15.5507,0.001889,4.1,0.56,9184.17,1.0043471552485577,295.17,2.2231,0.001889,4.1,0.56,9184.17
1626975177.6334293,COCOS,1.0043471552485577,0.0,295.17,2.2231,0.001889,4.1,0.56,9184.17,1.0043471552485577,295.17,2.2231,0.001889,4.1,0.56,9184.17,1.0043471552485577,295.17,2.2231,0.001889,4.1,0.56,8998.98,1.0043471552485577,295.17,2.2231,0.001889,4.1,0.56,8941.22
1626975178.1021936,COCOS,1.0043471552485577,0.0,295.17,2.2231,0.001889,4.1,0.56,8941.22,1.0043471552485577,295.17,2.2231,0.001889,4.1,0.56,8941.22,1.0043471552485577,295.17,6.5,0.001889,4.1,0.56,8941.22,1.004313130343237,295.18,2.036,0.001889,4.1,0.56,8941.22
1626975178.5865953,COCOS,1.004313130343237,0.0,295.18,2.036,0.001889,4.1,0.56,8941.22,1.004313130343237,295.18,2.036,0.001889,4.1,0.56,8941.22,1.004313130343237,295.18,2.036,0.001889,4.1,0.56,8941.22,1.004313130343237,295.18,2.036,0.001889,4.1,0.56,8941.22
1626975179.055303,COCOS,1.004381182459401,0.0,295.16,6.5,0.001889,4.1,0.56,8941.22,1.004381182459401,295.16,6.5,0.001889,4.1,0.56,8941.22,1.004381182459401,295.16,6.5,0.001889,4.1,0.56,8941.22,1.0044492437985932,295.14,25.3349,0.001889,4.1,0.56,8941.22
1626975179.5553112,COCOS,1.0044492437985932,0.0,295.14,25.3349,0.001889,4.1,0.56,8941.22,1.0044492437985932,295.14,25.3349,0.001889,4.1,0.56,8941.22,1.0044492437985932,295.14,24.6573,0.001889,4.1,0.56,8941.22,1.0044492437985932,295.14,24.6573,0.001889,4.1,0.56,8941.22
1626975180.024069,COCOS,1.0044492437985932,0.0,295.14,5.7536,0.001889,4.1,0.56,8941.22,1.0044152119760017,295.15,6.42,0.001889,4.1,0.56,8941.22,1.0044492437985932,295.14,6.5,0.001889,4.1,0.56,8941.22,1.0044152119760017,295.15,6.42,0.001889,4.1,0.56,8941.22
1626975180.5085185,COCOS,1.0044152119760017,0.0,295.15,6.42,0.001889,4.1,0.56,8941.22,1.004313130343237,295.18,6.974,0.001889,4.1,0.56,8941.22,1.0042450874482276,295.2,38.2582,0.001889,4.1,0.56,8941.22,1.0044152119760017,295.15,2.4051,0.001889,4.1,0.56,8941.22
1626975181.0251958,COCOS,1.0044152119760017,0.0,295.15,2.1782,0.001889,4.1,0.56,8941.22,1.0044152119760017,295.15,18.9001,0.001889,4.1,0.56,8941.22,1.0044152119760017,295.15,18.9001,0.001889,4.1,0.56,8941.22,1.0044152119760017,295.15,18.9001,0.001889,4.1,0.56,8941.22
1626975181.593923,COCOS,1.0044152119760017,0.0,295.15,18.9001,0.001889,4.1,0.56,8941.22,1.0044152119760017,295.15,18.9001,0.001889,4.1,0.56,8941.22,1.0044152119760017,295.15,2.1782,0.001889,4.1,0.56,8941.22,1.0044152119760017,295.15,2.1782,0.001889,4.1,0.56,8941.22
1626975182.1336577,COCOS,1.0044152119760017,0.0,295.15,1.8541,0.001889,4.1,0.56,8941.22,1.0044152119760017,295.15,1.8089,0.001889,4.1,0.56,8941.22,1.0044152119760017,295.15,1.7579,0.001889,4.1,0.56,8941.22,1.0053120112724083,295.15,1.456,0.001889,4.1,0.5605,248.29
1626975182.6334436,COCOS,1.0053120112724083,0.0,295.15,1.413,0.001889,4.1,0.5605,248.29,1.0053120112724083,295.15,1.3598,0.001889,4.1,0.5605,248.29,1.0053120112724083,295.15,1.3598,0.001889,4.1,0.5605,248.29,1.0053120112724083,295.15,1.2816,0.001889,4.1,0.5605,248.29
1626975183.117785,COCOS,1.0053120112724083,0.0,295.15,1.1635,0.001889,4.1,0.5605,248.29,1.0053120112724083,295.15,1.1127,0.001889,4.1,0.5605,248.29,1.0053120112724083,295.15,6.1127,0.001889,4.1,0.5605,248.29,1.0053120112724083,295.15,5.7572,0.001889,4.1,0.5605,248.29
1626975183.6189003,COCOS,1.0053120112724083,0.0,295.15,4.9116,0.001889,4.1,0.5605,248.29,1.0053120112724083,295.15,4.9116,0.001889,4.1,0.5605,248.29,1.0053120112724083,295.15,4.8674,0.001889,4.1,0.5605,248.29,1.0053120112724083,295.15,4.571,0.001889,4.1,0.5605,248.29
1626975184.1334286,COCOS,1.0053460734805562,0.0,295.14,6.2544,0.001889,4.1,0.5605,248.29,1.0053460734805562,295.14,6.2115,0.001889,4.1,0.5605,248.29,1.0053460734805562,295.14,6.17,0.001889,4.1,0.5605,248.29,1.0053460734805562,295.14,5.8488,0.001889,4.1,0.5605,248.29
1626975184.617792,COCOS,1.005141734847735,0.0,295.2,47.9536,0.001889,4.1,0.5605,248.29,1.005141734847735,295.2,8.3636,0.001889,4.1,0.5605,248.29,1.005141734847735,295.2,4.3636,0.001889,4.1,0.5605,248.29,1.0050736404276517,295.22,0.4229,0.001889,4.1,0.5605,248.29
1626975550.3209853,COCOS,1.0040390290328391,365.1251254081726,295.15,11.653,0.001859,9.8,0.5509,2600.0,1.0040390290328391,295.15,11.653,0.001859,9.8,0.5509,2600.0,1.0040390290328391,295.15,11.653,0.001859,9.8,0.5509,2600.0,0.9977805268552812,295.15,8.7799,0.001871,110.2,0.551,2420.51
1626976705.9303176,CELR,1.009122792967722,1155.0625040531158,295.28,12.5652,8.39e-05,2655.0,0.025,90029.0,0.997536820597166,295.29,11.3365,8.46e-05,234848.0,0.02492,188242.8,1.0006122746104704,295.29,11.3365,8.46e-05,234848.0,0.02479,70869.9,0.9930999368354816,295.3,8.9043,8.46e-05,234848.0,0.02481,15883.9
1626980509.992802,ERN,1.0040655379193522,3803.531278848648,294.17,27.2,0.02309,0.2,6.82,738.5,1.0043493288050198,294.13,1.7047,0.02309,0.2,6.821,88.1,1.0044176263351146,294.11,2.7271,0.02309,0.2,6.821,95.6,1.0045648800554392,294.11,6.5,0.02309,0.2,6.822,23.7
1626980510.5085132,ERN,1.0045990373107965,0.0,294.1,0.8793,0.02309,0.2,6.822,23.7,1.0045990373107965,294.1,0.8793,0.02309,0.2,6.822,23.7,1.0046331968890656,294.09,0.8555,0.02309,0.2,6.822,23.7,1.0047804606235846,294.09,0.8555,0.02309,0.2,6.823,21.5
1626980510.9771926,ERN,1.0047804606235846,0.0,294.09,6.5,0.02309,0.2,6.823,21.5,1.0047804606235846,294.09,6.5,0.02309,0.2,6.823,21.5,1.0047804606235846,294.09,6.5,0.02309,0.2,6.823,21.5,1.0049277243581036,294.09,1.4296,0.02309,0.2,6.824,23.7
1626980511.4928071,ERN,1.0049277243581036,0.0,294.09,1.4296,0.02309,0.2,6.824,23.7,1.0049277243581036,294.09,1.4296,0.02309,0.2,6.824,23.7,1.0049277243581036,294.09,1.4296,0.02309,0.2,6.824,23.7,1.0049383036349893,294.13,0.5,0.02309,0.2,6.825,24.8
1626980511.961609,ERN,1.0046308994907192,0.0,294.22,1.2547,0.02309,0.2,6.825,24.8,1.0046308994907192,294.22,1.2547,0.02309,0.2,6.825,24.8,1.0046308994907192,294.22,1.2547,0.02309,0.2,6.825,24.8,1.004846403942366,294.2,0.0671,0.02309,0.2,6.826,23.7
1626980512.4615836,ERN,1.0048805603176318,0.0,294.19,1.2094,0.02309,0.2,6.826,23.7,1.0048805603176318,294.19,1.2094,0.02309,0.2,6.826,23.7,1.0049488800348236,294.17,1.07,0.02309,0.2,6.826,23.7,1.0049830433772236,294.16,0.8369,0.02309,0.2,6.826,23.7
1626980512.9615924,ERN,1.0051302720680202,0.0,294.16,0.8369,0.02309,0.2,6.827,52.5,1.0051302720680202,294.16,0.8369,0.02309,0.2,6.827,52.5,1.0051302720680202,294.16,0.8369,0.02309,0.2,6.827,52.5,1.0051644427384967,294.15,0.6465,0.02309,0.2,6.827,52.5
1626980513.4459274,ERN,1.005232791049974,0.0,294.13,6.5,0.02309,0.2,6.827,52.5,1.005232791049974,294.13,6.5,0.02309,0.2,6.827,52.5,1.0053800347574662,294.13,6.5,0.02309,0.2,6.828,23.7,1.00551677929618,294.09,6.5,0.02309,0.2,6.828,23.7
1626980513.9303052,ERN,1.005550971243245,0.0,294.08,2.1646,0.02309,0.2,6.828,23.7,1.005550971243245,294.08,1.4377,0.02309,0.2,6.828,23.7,1.0054825896743065,294.1,0.6464,0.02309,0.2,6.828,23.7,1.00551677929618,294.09,6.5,0.02309,0.2,6.828,23.7
1626980514.430315,ERN,1.00551677929618,0.0,294.09,6.5,0.02309,0.2,6.828,23.7,1.00551677929618,294.09,6.5,0.02309,0.2,6.828,23.7,1.005664043030699,294.09,6.5,0.02309,0.2,6.829,15.5,0.9984601493211044,294.09,1.4633,0.02326,9.0,6.83,23.7
1626982588.5865796,INJ,1.0150164686422036,2073.656200647354,294.85,7.4988,0.01938,6.9,5.8,6416.53,0.9963665740027882,294.85,7.4988,0.01961,25.9,5.761,416.572,1.0083019837672302,294.92,0.2079,0.01966,90.0,5.763,7.264,0.994826299272914,294.91,0.0509,0.01965,36.0,5.765,71.119
1626988991.774089,VTHO,1.00406111622274,6402.6733729839325,294.58,9.5771,1.681e-05,1882.0,0.004972,42995.0,0.9987479493225808,294.57,0.422,1.69e-05,17077.0,0.004972,42995.0,1.00406111622274,294.58,6.1818,1.69e-05,17077.0,0.004972,42995.0,0.998714045189601,294.58,6.6415,1.69e-05,17077.0,0.004972,42995.0
1626989694.336564,ERN,1.0044816947127957,702.0781745910645,294.78,0.3579,0.02334,20.4,6.911,10.5,1.0044816947127957,294.78,0.3579,0.02334,20.4,6.911,10.5,0.999394607559714,294.78,0.3579,0.02334,20.4,6.876,20.2,0.999394607559714,294.78,0.3579,0.02334,20.4,6.876,20.2
1626993162.2115428,COCOS,1.00416544751122,3467.343760490417,291.67,1.7193,0.001799,27.9,0.5269,2691.98,1.00416544751122,291.67,1.7193,0.001799,27.9,0.5269,2691.98,1.00416544751122,291.67,1.7193,0.001799,27.9,0.5269,2691.98,1.0041310205553948,291.68,33.1379,0.001799,27.9,0.5269,2691.98
1626993162.7115724,COCOS,1.0041310205553948,0.0,291.68,32.4779,0.001799,27.9,0.5269,2691.98,1.0041310205553948,291.68,32.4779,0.001799,27.9,0.5269,2691.98,1.0041310205553948,291.68,22.5144,0.001799,27.9,0.5269,2691.98,1.0041310205553948,291.68,22.4629,0.001799,27.9,0.5269,2691.98
1626993163.211563,COCOS,1.0041310205553948,0.0,291.68,22.1649,0.001799,27.9,0.5269,2691.98,1.003940447197916,291.68,22.1649,0.001799,27.9,0.5268,97.57,1.003940447197916,291.68,21.2349,0.001799,27.9,0.5268,97.57,1.003940447197916,291.68,21.1849,0.001799,27.9,0.5268,97.57
1626993164.2427905,COCOS,1.006286424875217,0.4999592304229736,291.0,1369.363,0.001799,27.9,0.5268,97.57,1.0055952940889017,291.2,20.0,0.001799,27.9,0.5268,97.57,1.0052683579049169,291.35,7.865,0.001799,27.9,0.5269,2735.85,1.005475423377382,291.29,1.0916,0.001799,27.9,0.5269,2735.85
1626993164.727188,COCOS,1.005648043110828,0.0,291.24,12.9233,0.001799,27.9,0.5269,2731.53,1.0039393520789963,291.25,0.1373,0.001802,3.2,0.5269,2620.26,1.005648043110828,291.24,13.0,0.001803,57.7,0.5269,2620.26,1.0034351564874264,291.29,1.824,0.001803,57.7,0.527,29.16
1626994776.289693,COCOS,1.0040351597244943,1611.0468866825104,290.07,0.3615,0.001838,17.4,0.5353,1903.31,1.0040351597244943,290.07,0.0017,0.001838,17.4,0.5353,1903.31,1.0040351597244943,290.07,0.0017,0.001838,17.4,0.5353,1903.31,1.0039313298217305,290.1,0.4138,0.001838,17.4,0.5353,1903.31
1626994785.258446,COCOS,1.0040005473706703,8.359707117080688,290.08,1.0357,0.001838,17.4,0.5353,1903.31,1.0039659374031646,290.09,0.4489,0.001838,17.4,0.5353,1903.31,1.0041043915920842,290.05,48.0,0.001838,17.4,0.5353,1903.31,1.0040005473706703,290.08,18.6261,0.001838,17.4,0.5353,1903.31
1626994785.774053,COCOS,1.0040697744648832,0.0,290.06,1.4735,0.001838,17.4,0.5353,1903.31,1.0040697744648832,290.06,1.4735,0.001838,17.4,0.5353,1903.31,1.0040697744648832,290.06,0.0005,0.001838,17.4,0.5353,1903.31,1.0040005473706703,290.08,4.5178,0.001838,17.4,0.5353,1903.31
1626994786.2740777,COCOS,1.0040005473706703,0.0,290.08,2.5178,0.001838,17.4,0.5353,1903.31,1.0040005473706703,290.08,2.5178,0.001838,17.4,0.5353,1903.31,1.0040005473706703,290.08,2.5178,0.001838,17.4,0.5353,1903.31,1.0040697744648832,290.06,0.3857,0.001838,17.4,0.5353,1903.31
1626994786.8053186,COCOS,1.0040697744648832,0.0,290.06,0.3292,0.001838,17.4,0.5353,1903.31,1.0040697744648832,290.06,0.3292,0.001838,17.4,0.5353,1903.31,1.0040697744648832,290.06,0.2592,0.001838,17.4,0.5353,1903.31,1.0040697744648832,290.06,0.2592,0.001838,17.4,0.5353,1903.31
1626994787.2740767,COCOS,1.0040697744648832,0.0,290.06,0.2592,0.001838,17.4,0.5353,1903.31,1.0040697744648832,290.06,0.2592,0.001838,17.4,0.5353,1903.31,1.0040697744648832,290.06,0.2002,0.001838,17.4,0.5353,1903.31,1.0041043915920842,290.05,7.5996,0.001838,17.4,0.5353,1903.31
1626994787.758684,COCOS,1.0040697744648832,0.0,290.06,6.4002,0.001838,17.4,0.5353,1903.31,1.0040697744648832,290.06,0.2002,0.001838,17.4,0.5353,1903.31,1.0040697744648832,290.06,0.2002,0.001838,17.4,0.5353,1903.31,1.0040697744648832,290.06,0.0001,0.001838,17.4,0.5353,1903.31
1626994788.4303572,COCOS,1.0040005473706703,0.1681365966796875,290.08,16.0,0.001838,17.4,0.5353,1903.31,1.0040005473706703,290.08,18.0,0.001838,17.4,0.5353,1903.31,1.0040697744648832,290.06,4.5171,0.001838,17.4,0.5353,1903.31,1.0040005473706703,290.08,16.0,0.001838,17.4,0.5353,1903.31
1626994789.1334436,COCOS,1.0040005473706703,0.2186810970306396,290.08,0.5171,0.001838,17.4,0.5353,1903.31,1.0040005473706703,290.08,0.5171,0.001838,17.4,0.5353,1903.31,1.0040005473706703,290.08,0.5171,0.001838,17.4,0.5353,1903.31,1.0040005473706703,290.08,0.5171,0.001838,17.4,0.5353,1903.31
1626994789.617829,COCOS,1.0040005473706703,0.0,290.08,6.567,0.001838,17.4,0.5353,1903.31,1.0040005473706703,290.08,6.567,0.001838,17.4,0.5353,1903.31,1.0040005473706703,290.08,6.567,0.001838,17.4,0.5353,1903.31,1.0040005473706703,290.08,6.567,0.001838,17.4,0.5353,1903.31
1626994790.1022143,COCOS,1.0040005473706703,0.0,290.08,6.567,0.001838,17.4,0.5353,1903.31,1.0040005473706703,290.08,6.567,0.001838,17.4,0.5353,1903.31,1.0040005473706703,290.08,1.1671,0.001838,17.4,0.5353,1903.31,1.0040005473706703,290.08,1.1671,0.001838,17.4,0.5353,1903.31
1626994790.570953,COCOS,1.0040351597244943,0.0,290.07,39.1239,0.001838,17.4,0.5353,1903.31,1.0040697744648832,290.06,1.034,0.001838,17.4,0.5353,1903.31,1.0040697744648832,290.06,1.034,0.001838,17.4,0.5353,1903.31,1.0040697744648832,290.06,1.034,0.001838,17.4,0.5353,1903.31
1626994791.0553153,COCOS,1.0040697744648832,0.0,290.06,1.034,0.001838,17.4,0.5353,1903.31,1.0040697744648832,290.06,1.034,0.001838,17.4,0.5353,1903.31,1.0040697744648832,290.06,33.034,0.001838,17.4,0.5353,1903.31,1.0041043915920842,290.05,0.758,0.001838,17.4,0.5353,1903.31
1626994791.5240502,COCOS,1.0041043915920842,0.0,290.05,0.758,0.001838,17.4,0.5353,1903.31,1.004139011106344,290.04,10.0533,0.001838,17.4,0.5353,1903.31,1.004139011106344,290.04,10.0533,0.001838,17.4,0.5353,1903.31,1.003916813712093,290.05,0.758,0.001838,17.4,0.5352,5951.09
1626994807.3053014,COCOS,1.0040206600137669,15.249999284744264,290.02,3.7817,0.001838,17.4,0.5352,5951.09,1.003916813712093,290.05,0.2315,0.001838,17.4,0.5352,5951.09,1.003916813712093,290.05,0.2315,0.001838,17.4,0.5352,5951.09,1.003951426759042,290.04,0.1725,0.001838,17.4,0.5352,5951.09
1626994810.5553536,COCOS,1.0040206600137669,2.703185558319092,290.02,6.5,0.001838,17.4,0.5352,5951.09,1.0040206600137669,290.02,6.5,0.001838,17.4,0.5352,5951.09,1.0040206600137669,290.02,7.9661,0.001838,17.4,0.5352,5951.09,1.0040206600137669,290.02,7.8453,0.001838,17.4,0.5352,5951.09
1626994811.1022148,COCOS,1.0040206600137669,0.0,290.02,7.8,0.001838,17.4,0.5352,5951.09,1.0040206600137669,290.02,7.8,0.001838,17.4,0.5352,5951.09,1.0040206600137669,290.02,7.5737,0.001838,17.4,0.5352,5951.09,1.0040206600137669,290.02,7.5737,0.001838,17.4,0.5352,5951.09
1626994811.6334302,COCOS,1.0040206600137669,0.0,290.02,7.4081,0.001838,17.4,0.5352,5951.09,1.0040206600137669,290.02,7.4081,0.001838,17.4,0.5352,5951.09,1.0040206600137669,290.02,5.6059,0.001838,17.4,0.5352,5951.09,1.0037783853879578,290.09,1.0341,0.001838,17.4,0.5352,5951.09
1626994815.8209202,COCOS,1.0040206600137669,3.640602827072144,290.02,13.5277,0.001838,17.4,0.5352,5951.09,1.0040206600137669,290.02,24.9445,0.001838,17.4,0.5352,5951.09,1.0040206600137669,290.02,18.4445,0.001838,17.4,0.5352,5951.09,1.0040206600137669,290.02,18.4445,0.001838,17.4,0.5352,5951.09
1626994816.3053267,COCOS,1.0040206600137669,0.0,290.02,11.5,0.001838,17.4,0.5352,5951.09,1.0040206600137669,290.02,11.4449,0.001838,17.4,0.5352,5951.09,1.0040206600137669,290.02,11.4449,0.001838,17.4,0.5352,5951.09,1.0040552802220355,290.01,13.1796,0.001838,17.4,0.5352,5951.09
1626994816.8366263,COCOS,1.0040206600137669,0.0,290.02,10.0,0.001838,17.4,0.5352,5951.09,1.0040206600137669,290.02,10.0,0.001838,17.4,0.5352,5951.09,1.0040206600137669,290.02,8.8069,0.001838,17.4,0.5352,5951.09,1.0040206600137669,290.02,8.8069,0.001838,17.4,0.5352,5951.09
1626994817.320937,COCOS,1.0040206600137669,0.0,290.02,15.3069,0.001838,17.4,0.5352,5951.09,1.0040206600137669,290.02,15.3069,0.001838,17.4,0.5352,5951.09,1.0040206600137669,290.02,15.3069,0.001838,17.4,0.5352,5951.09,1.0040206600137669,290.02,22.5492,0.001838,17.4,0.5352,5951.09
1626994817.8053055,COCOS,1.0040206600137669,0.0,290.02,15.9892,0.001838,17.4,0.5352,5951.09,1.0040206600137669,290.02,24.2947,0.001838,17.4,0.5352,5951.09,1.0040206600137669,290.02,24.2947,0.001838,17.4,0.5352,5951.09,1.0040206600137669,290.02,17.4067,0.001838,17.4,0.5352,5951.09
1626994818.8368635,COCOS,1.0040206600137669,0.5313444137573242,290.02,16.0,0.001838,17.4,0.5352,5951.09,1.0040552802220355,290.01,44.2659,0.001838,17.4,0.5352,5951.09,1.0040552802220355,290.01,35.7814,0.001838,17.4,0.5352,5951.09,1.0040552802220355,290.01,43.6953,0.001838,17.4,0.5352,5472.3
1626994819.352182,COCOS,1.0040552802220355,0.0,290.01,62.6899,0.001838,17.4,0.5352,5472.3,1.0040552802220355,290.01,62.6899,0.001838,17.4,0.5352,5472.3,1.0040552802220355,290.01,62.6899,0.001838,17.4,0.5352,5472.3,1.0040552802220355,290.01,62.8625,0.001838,17.4,0.5352,5472.3
1626994819.8522024,COCOS,1.0040552802220355,0.0,290.01,70.8625,0.001838,17.4,0.5352,5472.3,1.0040552802220355,290.01,70.8625,0.001838,17.4,0.5352,5472.3,1.0040552802220355,290.01,76.3625,0.001838,17.4,0.5352,5472.3,1.0040552802220355,290.01,73.3317,0.001838,17.4,0.5352,5472.3
1626994820.3522222,COCOS,1.0040552802220355,0.0,290.01,73.3317,0.001838,17.4,0.5352,5472.3,1.0040552802220355,290.01,73.3317,0.001838,17.4,0.5352,5472.3,1.0040552802220355,290.01,73.3317,0.001838,17.4,0.5352,5472.3,1.0040552802220355,290.01,73.5043,0.001838,17.4,0.5352,5472.3
1626994820.852214,COCOS,1.0040552802220355,0.0,290.01,73.5043,0.001838,17.4,0.5352,5231.65,1.0040552802220355,290.01,73.5043,0.001838,17.4,0.5352,5231.65,1.0040552802220355,290.01,73.5043,0.001838,17.4,0.5352,5231.65,1.0040552802220355,290.01,73.5043,0.001838,17.4,0.5352,5231.65
1626994821.3834355,COCOS,1.0040552802220355,0.0,290.01,73.5043,0.001838,17.4,0.5352,5231.65,1.0040552802220355,290.01,73.5043,0.001838,17.4,0.5352,5231.65,1.0040552802220355,290.01,73.5043,0.001838,17.4,0.5352,5231.65,1.004263051619909,289.95,15.93,0.001838,17.4,0.5352,5231.65
1626994821.8834474,COCOS,1.0048175293046433,0.0,289.79,7.2974,0.001838,17.4,0.5352,5231.65,1.0048522044902777,289.78,15.9482,0.001838,17.4,0.5352,5231.65,1.0050256163227578,289.73,6.5128,0.001838,17.4,0.5352,5231.65,1.0049215620416645,289.76,10.3933,0.001838,17.4,0.5352,5231.65
1626994822.3834395,COCOS,1.0049215620416645,0.0,289.76,18.4067,0.001838,17.4,0.5352,5231.65,1.0049562444079123,289.75,17.2573,0.001838,17.4,0.5352,5231.65,1.0050256163227578,289.73,29.4064,0.001838,17.4,0.5352,5231.65,1.0050603058718508,289.72,14.3611,0.001838,17.4,0.5352,5231.65
1626994822.9146976,COCOS,1.005094997815721,0.0,289.71,15.8966,0.001838,17.4,0.5352,5231.65,0.999840272153832,289.5,176.8896,0.001849,125.5,0.5352,5231.65,1.005858826961873,289.49,1.6379,0.001849,125.5,0.5352,5231.65,0.999840272153832,289.5,125.7339,0.001849,125.5,0.5352,5231.65
1626995150.774079,RUNE,1.008681384448823,327.1718969345093,290.4,13.0,0.01229,54.2,3.6,21989.059,0.990394695141276,290.4,12.5796,0.01243,524.3,3.575,447.981,1.0075606273549909,290.4,12.5796,0.01242,332.8,3.596,309.362,0.996562939271717,290.37,1.0296,0.01242,332.8,3.594,8.41
1626995733.6647437,RUNE,1.0051087574424795,582.343766450882,291.38,2.0015,0.01248,0.6,3.655,557.592,1.0053837529985516,291.38,2.0015,0.01248,0.6,3.656,60.109,1.0048337618864078,291.38,18.0015,0.01248,0.6,3.654,140.12,1.0043182384192098,291.37,13.0,0.01248,0.6,3.652,1100.849
1626995734.1646967,RUNE,1.0051432534014817,0.0,291.37,13.0,0.01248,0.6,3.655,60.109,1.005968268383754,291.37,13.0,0.01248,0.6,3.658,60.043,1.005968268383754,291.37,13.0,0.01248,0.6,3.658,16.252,0.996027783364312,291.38,1.7634,0.01258,271.1,3.651,387.601
1626995886.4928322,RUNE,1.0095693553266232,151.79702043533325,291.73,11.4332,0.01223,0.2,3.602,1049.177,0.9951750232531006,291.78,6.2,0.01236,227.5,3.589,64.141,1.005787805788288,291.77,10.2863,0.01236,227.5,3.589,28.0,0.9932680715725348,291.77,16.4863,0.01236,227.5,3.582,1569.563
1626996909.1490655,RUNE,1.0095985830634815,1022.140679359436,292.61,16.9362,0.01266,322.6,3.74,38349.707,0.9939589325325922,292.67,4.0,0.01275,419.1,3.709,51.0,1.0042293682547148,292.68,9.549,0.01275,10.4,3.721,187.109,0.998314924808126,292.65,2.5062,0.01275,10.4,3.725,61.662
1626999043.6022384,MFT,1.004237552295062,2133.9375326633453,293.42,6.1122,2.436e-05,132105.0,0.007178,2000.0,1.0001803094674555,293.42,4.9681,2.436e-05,132105.0,0.007149,64533.0,1.0007058242729794,293.43,0.2414,2.436e-05,88708.0,0.007153,641703.0,1.0001644714908673,293.43,4.7234,2.438e-05,5005.0,0.007155,48740.0
1626999076.7327025,MFT,1.004143748066677,32.51568675041199,293.38,21.9928,2.461e-05,6820.0,0.00725,1304.0,1.004143748066677,293.38,21.9928,2.461e-05,6820.0,0.00725,1304.0,1.0006811834181712,293.38,21.0782,2.469e-05,3633.0,0.007225,56747.0,0.9981290671170976,293.38,14.0061,2.469e-05,3633.0,0.00723,14000.0
1626999349.5397112,MFT,1.004661256842975,272.2343807220459,292.02,4.3056,2.508e-05,14694.0,0.007358,2000.0,1.0000029940209405,292.05,7.2803,2.516e-05,6436.0,0.007348,1108.0,1.0031927962347231,292.05,7.2803,2.516e-05,6436.0,0.007348,1108.0,1.0000029940209405,292.05,7.2803,2.516e-05,6436.0,0.007348,1108.0
1626999378.8521583,MFT,1.004205725079503,28.78130078315735,292.06,13.0,2.518e-05,237.0,0.007385,14000.0,1.00451207733016,292.05,0.0699,2.518e-05,237.0,0.007387,14000.0,1.0043745153352504,292.09,19.3424,2.518e-05,237.0,0.007387,14000.0,1.0046464456223316,292.09,22.7162,2.518e-05,237.0,0.007389,14000.0
1626999379.4303231,MFT,1.0044057376157818,0.0,292.16,3.4241,2.518e-05,237.0,0.007389,14000.0,1.0044057376157818,292.16,7.2819,2.518e-05,237.0,0.007389,14000.0,1.0043369850839443,292.18,4.2,2.518e-05,237.0,0.007389,14000.0,1.0047103681787783,292.19,40.0,2.518e-05,237.0,0.007392,14000.0
1626999379.9615686,MFT,1.0047103681787783,0.0,292.19,33.69,2.518e-05,237.0,0.007392,14000.0,1.0047103681787783,292.19,33.69,2.518e-05,237.0,0.007392,14000.0,1.0047103681787783,292.19,33.69,2.518e-05,237.0,0.007392,14000.0,1.0051181240100198,292.19,33.69,2.518e-05,237.0,0.007395,14000.0
1626999380.4928205,MFT,1.0051181240100198,0.0,292.19,33.69,2.518e-05,237.0,0.007395,14000.0,1.0051181240100198,292.19,33.69,2.518e-05,237.0,0.007395,14000.0,1.0051181240100198,292.19,33.69,2.518e-05,237.0,0.007395,14000.0,1.0051181240100198,292.19,33.69,2.518e-05,237.0,0.007395,14000.0
1626999380.9928284,MFT,1.0050493297781995,0.0,292.21,56.7995,2.518e-05,237.0,0.007395,14000.0,1.0050493297781995,292.21,56.7995,2.518e-05,237.0,0.007395,14000.0,1.0050837257169325,292.2,62.4493,2.518e-05,237.0,0.007395,14000.0,1.0050837257169325,292.2,46.4493,2.518e-05,237.0,0.007395,11356.0
1626999381.5086172,MFT,1.005014936193579,0.0,292.22,116.7123,2.518e-05,237.0,0.007395,11356.0,1.005014936193579,292.22,116.7123,2.518e-05,237.0,0.007395,11356.0,1.0059662687903814,292.22,116.7123,2.518e-05,237.0,0.007402,2000.0,1.0060351234289029,292.2,16.1845,2.518e-05,237.0,0.007402,2000.0
1626999382.0396843,MFT,1.0048118977992269,0.0,292.2,0.863,2.518e-05,237.0,0.007393,14000.0,1.0048118977992269,292.2,0.8262,2.518e-05,237.0,0.007393,14000.0,1.004743126880207,292.22,116.7123,2.518e-05,237.0,0.007393,14000.0,1.004777511162979,292.21,13.0,2.518e-05,237.0,0.007393,14000.0
1626999382.539691,MFT,1.004777511162979,0.0,292.21,3.97,2.518e-05,237.0,0.007393,14000.0,1.004777511162979,292.21,3.97,2.518e-05,237.0,0.007393,14000.0,1.004777511162979,292.21,3.97,2.518e-05,237.0,0.007393,14000.0,1.004378631642867,292.21,37.0495,2.519e-05,845.0,0.007393,14000.0
1626999383.0242834,MFT,1.004378631642867,0.0,292.21,40.8494,2.519e-05,845.0,0.007393,14000.0,1.004378631642867,292.21,40.8494,2.519e-05,845.0,0.007393,14000.0,1.004413004628207,292.2,73.5669,2.519e-05,845.0,0.007393,14000.0,1.004413004628207,292.2,57.5669,2.519e-05,845.0,0.007393,10294.0
1626999383.539687,MFT,1.004413004628207,0.0,292.2,50.8596,2.519e-05,845.0,0.007393,10294.0,1.004413004628207,292.2,50.8596,2.519e-05,845.0,0.007393,10294.0,1.004413004628207,292.2,50.8596,2.519e-05,845.0,0.007393,10294.0,1.004413004628207,292.2,50.8596,2.519e-05,845.0,0.007393,10294.0
1626999384.0396683,MFT,1.004413004628207,0.0,292.2,35.5413,2.519e-05,845.0,0.007393,10294.0,1.004413004628207,292.2,34.5084,2.519e-05,845.0,0.007393,10294.0,1.004413004628207,292.2,32.8333,2.519e-05,845.0,0.007393,10294.0,1.004413004628207,292.2,32.2286,2.519e-05,845.0,0.007393,10294.0
1626999384.524056,MFT,1.004413004628207,0.0,292.2,29.3186,2.519e-05,845.0,0.007393,10294.0,1.004413004628207,292.2,29.3186,2.519e-05,845.0,0.007393,10294.0,1.004413004628207,292.2,29.3186,2.519e-05,845.0,0.007393,10294.0,1.0038695646148816,292.2,29.3186,2.519e-05,845.0,0.007389,105537.0
1626999398.883441,SUSHI,1.0101007642446722,13.75000500679016,292.42,17.628,0.0281,73.0,8.3,2510.94,0.9971467864034292,292.3,0.5471,0.02824,73.0,8.231,4.127,1.0035757637000935,292.3,0.5471,0.02824,73.0,8.243,77.354,0.9982569847118746,292.3,0.5471,0.02826,73.0,8.246,41.49
1626999919.3834565,MFT,1.0049296944855473,519.96888256073,293.9,0.7297,2.494e-05,136.0,0.007366,2000.0,1.0019282753600136,293.9,0.7297,2.494e-05,136.0,0.007344,9413.0,1.0019282753600136,293.9,0.7297,2.494e-05,136.0,0.007344,9413.0,1.002064703502083,293.9,0.6108,2.494e-05,136.0,0.007345,55820.0
1626999994.9929063,RUNE,1.011610068607672,75.06252002716064,293.82,0.6802,0.01228,571.6,3.65,11519.774,0.9958700602129752,293.8,5.1163,0.01241,120.0,3.631,56.721,1.0066898308805432,293.8,5.1163,0.0124,171.5,3.632,214.855,0.9988691012099518,293.8,5.1163,0.0124,110.1,3.639,61.81
1627000132.6490612,WAVES,1.0040565388800615,137.12478303909302,293.05,43.758,0.04808,0.9,14.147,114.32,1.0040565388800615,293.05,43.7148,0.04808,0.9,14.147,114.32,1.0040565388800615,293.05,43.7148,0.04832,2.9,14.147,114.32,0.999069503090922,293.05,43.6807,0.04832,2.9,14.147,114.32
1627000337.6334703,RUNE,1.0048169946413843,204.45309257507324,293.55,6.42,0.01251,41.8,3.69,8235.854,0.9978142276745512,293.55,5.8047,0.01255,7.3,3.676,1632.909,1.001276988969206,293.55,5.8047,0.01255,7.3,3.677,1546.208,0.9978334618935564,293.55,5.7547,0.01256,4585.3,3.679,46.132
1627001920.4459505,COCOS,1.005269452890121,1582.312478542328,293.85,21.7045,0.001782,3.8,0.5264,3461.31,1.005269452890121,293.85,21.7045,0.001782,3.8,0.5264,3461.31,1.005269452890121,293.85,23.3306,0.001782,3.8,0.5264,3461.31,1.005269452890121,293.85,23.3306,0.001782,3.8,0.5264,3461.31
1627001920.9459684,COCOS,1.005269452890121,0.0,293.85,10.3306,0.001782,3.8,0.5264,3461.31,1.005269452890121,293.85,10.3306,0.001782,3.8,0.5264,3461.31,1.005269452890121,293.85,8.7045,0.001782,3.8,0.5264,3461.31,1.005269452890121,293.85,8.7045,0.001782,3.8,0.5264,3461.31
1627001921.4303071,COCOS,1.005269452890121,0.0,293.85,8.7045,0.001782,3.8,0.5264,3461.31,1.005269452890121,293.85,8.7045,0.001782,3.8,0.5264,3461.31,1.005269452890121,293.85,8.7045,0.001782,3.8,0.5264,3461.31,1.005269452890121,293.85,8.7045,0.001782,3.8,0.5264,3461.31
1627001921.9302928,COCOS,1.005269452890121,0.0,293.85,8.7045,0.001782,3.8,0.5264,3461.31,1.005269452890121,293.85,8.7045,0.001782,3.8,0.5264,3461.31,1.005269452890121,293.85,8.7045,0.001782,3.8,0.5264,3461.31,1.005269452890121,293.85,8.7045,0.001782,3.8,0.5264,3461.31
1627001922.4303503,COCOS,1.005269452890121,0.0,293.85,2.9477,0.001782,3.8,0.5264,3461.31,1.005269452890121,293.85,2.9477,0.001782,3.8,0.5264,3461.31,1.005269452890121,293.85,2.9477,0.001782,3.8,0.5264,3461.31,1.005269452890121,293.85,5.3536,0.001782,3.8,0.5264,3461.31
1627001922.9459162,COCOS,1.005269452890121,0.0,293.85,5.3536,0.001782,3.8,0.5264,3461.31,1.005269452890121,293.85,5.3536,0.001782,3.8,0.5264,3461.31,1.005269452890121,293.85,5.3536,0.001782,3.8,0.5264,3461.31,1.005303664347135,293.84,3.6302,0.001782,3.8,0.5264,3461.31
1627001923.4147549,COCOS,1.005269452890121,0.0,293.85,0.0599,0.001782,3.8,0.5264,3461.31,1.005269452890121,293.85,0.0599,0.001782,3.8,0.5264,3461.31,1.005269452890121,293.85,0.0599,0.001782,3.8,0.5264,3461.31,1.005269452890121,293.85,0.0599,0.001782,3.8,0.5264,3461.31
1627001923.8990824,COCOS,1.005303664347135,0.0,293.84,3.6302,0.001782,3.8,0.5264,3461.31,1.005303664347135,293.84,3.6302,0.001782,3.8,0.5264,3461.31,1.005303664347135,293.84,3.6302,0.001782,3.8,0.5264,3461.31,1.005303664347135,293.84,3.6302,0.001782,3.8,0.5264,3461.31
1627001924.3990529,COCOS,1.005303664347135,0.0,293.84,3.6302,0.001782,3.8,0.5264,3461.31,1.005303664347135,293.84,1.8484,0.001782,3.8,0.5264,3461.31,1.005303664347135,293.84,1.8484,0.001782,3.8,0.5264,3461.31,1.005303664347135,293.84,1.9083,0.001782,3.8,0.5264,3461.31
1627001924.8842154,COCOS,1.005303664347135,0.0,293.84,1.9083,0.001782,3.8,0.5264,3461.31,1.005303664347135,293.84,16.6901,0.001782,3.8,0.5264,3461.31,1.005303664347135,293.84,16.6901,0.001782,3.8,0.5264,3461.31,1.0037758472280662,293.84,16.6901,0.001782,3.8,0.5256,97.9
1627001928.9459596,COCOS,1.0040009926565645,3.5624330043792725,293.83,13.0,0.001782,3.8,0.5257,47.86,1.0040009926565645,293.83,1.7317,0.001782,3.8,0.5257,47.86,1.0040009926565645,293.83,1.7317,0.001782,3.8,0.5257,47.86,1.0039668243679498,293.84,5.1551,0.001782,3.8,0.5257,47.86
1627001929.4303136,COCOS,1.0040351632709763,0.0,293.82,3.6302,0.001782,3.8,0.5257,47.86,1.0040351632709763,293.82,3.6302,0.001782,3.8,0.5257,47.86,1.0039668243679498,293.84,0.1,0.001782,3.8,0.5257,47.86,1.0038301744667153,293.88,1.6329,0.001782,3.8,0.5257,47.86
1627001929.9146776,COCOS,1.0040009926565645,0.0,293.83,3.6302,0.001782,3.8,0.5257,47.86,1.0040009926565645,293.83,3.6302,0.001782,3.8,0.5257,47.86,1.0040009926565645,293.83,3.6302,0.001782,3.8,0.5257,47.86,1.0038984947671623,293.86,3.3564,0.001782,3.8,0.5257,47.86
1627001930.680331,COCOS,1.0040351632709763,0.2812361717224121,293.82,3.6302,0.001782,3.8,0.5257,47.86,1.005563084386854,293.82,3.6302,0.001782,3.8,0.5265,1168.76,1.005563084386854,293.82,3.6302,0.001782,3.8,0.5265,1168.76,1.005563084386854,293.82,3.6302,0.001782,3.8,0.5265,1168.76
1627001931.1803331,COCOS,1.005563084386854,0.0,293.82,3.6302,0.001782,3.8,0.5265,1168.76,1.005563084386854,293.82,3.6302,0.001782,3.8,0.5265,1168.76,1.005563084386854,293.82,3.6302,0.001782,3.8,0.5265,1168.76,1.0055288617722675,293.83,3.6302,0.001782,3.8,0.5265,1168.76
1627001931.6803086,COCOS,1.0054604235308675,0.0,293.85,3.6302,0.001782,3.8,0.5265,1168.76,1.0054604235308675,293.85,3.6302,0.001782,3.8,0.5265,1168.76,1.0054604235308675,293.85,3.6302,0.001782,3.8,0.5265,1168.76,1.005426207903578,293.86,1.6329,0.001782,3.8,0.5265,1168.76
1627001932.2116032,COCOS,1.005426207903578,0.0,293.86,1.6329,0.001782,3.8,0.5265,1168.76,1.005426207903578,293.86,1.6329,0.001782,3.8,0.5265,1168.76,1.005426207903578,293.86,1.6329,0.001782,3.8,0.5265,1168.76,1.0054604235308675,293.85,6.7751,0.001782,3.8,0.5265,1168.76
1627001932.6959558,COCOS,1.0054604235308675,0.0,293.85,6.7751,0.001782,3.8,0.5265,1168.76,1.0054604235308675,293.85,6.7751,0.001782,3.8,0.5265,1168.76,1.0054604235308675,293.85,6.7751,0.001782,3.8,0.5265,1168.76,1.0054604235308675,293.85,6.7751,0.001782,3.8,0.5265,1168.76
1627001933.2006173,COCOS,1.0054604235308675,0.0,293.85,6.7751,0.001782,3.8,0.5265,1168.76,1.0054604235308675,293.85,6.7751,0.001782,3.8,0.5265,1168.76,1.0054604235308675,293.85,6.7751,0.001782,3.8,0.5265,1168.76,1.0054604235308675,293.85,6.7751,0.001782,3.8,0.5265,1168.76
1627001933.72725,COCOS,1.0054604235308675,0.0,293.85,3.9158,0.001782,3.8,0.5265,1168.76,1.0054604235308675,293.85,3.9158,0.001782,3.8,0.5265,1168.76,1.0054604235308675,293.85,3.9158,0.001782,3.8,0.5265,1168.76,1.0054604235308675,293.85,3.9158,0.001782,3.8,0.5265,1168.76
1627001934.2116132,COCOS,1.0054604235308675,0.0,293.85,3.9158,0.001782,3.8,0.5265,1168.76,1.0054604235308675,293.85,3.7117,0.001782,3.8,0.5265,1168.76,1.0054604235308675,293.85,3.7117,0.001782,3.8,0.5265,1168.76,1.0054604235308675,293.85,3.5651,0.001782,3.8,0.5265,1168.76
1627001934.6959765,COCOS,1.0054604235308675,0.0,293.85,3.5651,0.001782,3.8,0.5265,1168.76,1.0054604235308675,293.85,3.5651,0.001782,3.8,0.5265,1168.76,1.0054604235308675,293.85,3.5651,0.001782,3.8,0.5265,1168.76,1.0054946414870185,293.84,0.0388,0.001782,3.8,0.5265,1168.76
1627001935.1959794,COCOS,1.0054946414870185,0.0,293.84,0.0388,0.001782,3.8,0.5265,1168.76,1.0054946414870185,293.84,0.0388,0.001782,3.8,0.5265,1168.76,1.0054946414870185,293.84,0.0388,0.001782,3.8,0.5265,1168.76,1.0054946414870185,293.84,3.6039,0.001782,3.8,0.5265,1168.76
1627001935.6959488,COCOS,1.0054946414870185,0.0,293.84,3.6039,0.001782,3.8,0.5265,500.0,1.0054946414870185,293.84,0.0388,0.001782,3.8,0.5265,500.0,1.0054946414870185,293.84,0.0388,0.001782,3.8,0.5265,500.0,1.0054946414870185,293.84,0.0388,0.001782,3.8,0.5265,500.0
1627001936.180309,COCOS,1.0054946414870185,0.0,293.84,0.0388,0.001782,3.8,0.5265,500.0,1.0054946414870185,293.84,0.0388,0.001782,3.8,0.5265,500.0,1.0054946414870185,293.84,0.0388,0.001782,3.8,0.5265,500.0,1.0054946414870185,293.84,0.0388,0.001782,3.8,0.5265,500.0
1627001936.6803336,COCOS,1.0054604235308675,0.0,293.85,7.5858,0.001782,3.8,0.5265,500.0,1.005426207903578,293.86,1.6329,0.001782,3.8,0.5265,500.0,1.0054604235308675,293.85,7.583,0.001782,3.8,0.5265,500.0,1.0054604235308675,293.85,7.583,0.001782,3.8,0.5265,500.0
1627001937.1959157,COCOS,1.0054946414870185,0.0,293.84,3.5651,0.001782,3.8,0.5265,500.0,1.0054946414870185,293.84,3.5651,0.001782,3.8,0.5265,500.0,1.0054946414870185,293.84,3.5651,0.001782,3.8,0.5265,500.0,1.0054946414870185,293.84,3.5651,0.001782,3.8,0.5265,500.0
1627001937.680349,COCOS,1.0054946414870185,0.0,293.84,3.5651,0.001782,3.8,0.5265,500.0,1.0054946414870185,293.84,3.5651,0.001782,3.8,0.5265,500.0,1.0054946414870185,293.84,3.5651,0.001782,3.8,0.5265,500.0,1.0054946414870185,293.84,4.8176,0.001782,3.8,0.5265,500.0
1627001938.1803875,COCOS,1.0054946414870185,0.0,293.84,3.1838,0.001782,3.8,0.5265,500.0,1.0054946414870185,293.84,3.1838,0.001782,3.8,0.5265,500.0,1.0054604235308675,293.85,7.583,0.001782,3.8,0.5265,500.0,1.0054604235308675,293.85,7.583,0.001782,3.8,0.5265,500.0
1627001938.6959674,COCOS,1.0054946414870185,0.0,293.84,3.5651,0.001782,3.8,0.5265,500.0,1.0054946414870185,293.84,3.5651,0.001782,3.8,0.5265,500.0,1.0054946414870185,293.84,3.5651,0.001782,3.8,0.5265,500.0,1.0054946414870185,293.84,3.3415,0.001782,3.8,0.5265,500.0
1627001939.1961706,COCOS,1.0054946414870185,0.0,293.84,3.3415,0.001782,3.8,0.5265,500.0,1.0054946414870185,293.84,3.3415,0.001782,3.8,0.5265,500.0,1.0054946414870185,293.84,3.3415,0.001782,3.8,0.5265,500.0,1.0054946414870185,293.84,3.1714,0.001782,3.8,0.5265,500.0
1627001939.7272563,COCOS,1.0054946414870185,0.0,293.84,3.1714,0.001782,3.8,0.5265,500.0,1.0054946414870185,293.84,3.1714,0.001782,3.8,0.5265,500.0,1.0054946414870185,293.84,3.1367,0.001782,3.8,0.5265,500.0,1.0054946414870185,293.84,3.1367,0.001782,3.8,0.5265,500.0
1627001940.2115548,COCOS,1.0054946414870185,0.0,293.84,2.9166,0.001782,3.8,0.5265,500.0,1.0054946414870185,293.84,2.9166,0.001782,3.8,0.5265,500.0,1.0054946414870185,293.84,2.9166,0.001782,3.8,0.5265,500.0,1.0054946414870185,293.84,1.9606,0.001782,3.8,0.5265,500.0
1627001940.6961186,COCOS,1.0054946414870185,0.0,293.84,1.6407,0.001782,3.8,0.5265,500.0,1.0054946414870185,293.84,1.6407,0.001782,3.8,0.5265,500.0,1.0054946414870185,293.84,9.1315,0.001782,3.8,0.5265,500.0,1.0054946414870185,293.84,10.736,0.001782,3.8,0.5265,500.0
1627001941.2428274,COCOS,1.0054946414870185,0.0,293.84,10.736,0.001782,3.8,0.5265,500.0,1.0054946414870185,293.84,10.736,0.001782,3.8,0.5265,500.0,1.0054946414870185,293.84,10.736,0.001782,3.8,0.5265,500.0,1.0054946414870185,293.84,10.736,0.001782,3.8,0.5265,500.0
1627001941.8218758,COCOS,1.0054946414870185,0.0,293.84,10.736,0.001782,3.8,0.5265,500.0,1.0054946414870185,293.84,10.736,0.001782,3.8,0.5265,500.0,1.0054946414870185,293.84,10.71,0.001782,3.8,0.5265,500.0,1.0054946414870185,293.84,10.71,0.001782,3.8,0.5265,500.0
1627001942.3522258,COCOS,1.0054946414870185,0.0,293.84,10.71,0.001782,3.8,0.5265,500.0,1.0054946414870185,293.84,10.71,0.001782,3.8,0.5265,500.0,1.0054946414870185,293.84,9.022,0.001782,3.8,0.5265,500.0,1.0054946414870185,293.84,9.022,0.001782,3.8,0.5265,500.0
1627001942.914716,COCOS,1.0054946414870185,0.0,293.84,11.0299,0.001782,3.8,0.5265,500.0,1.0054946414870185,293.84,11.0299,0.001782,3.8,0.5265,500.0,1.0054946414870185,293.84,11.0299,0.001782,3.8,0.5265,500.0,1.0054946414870185,293.84,11.0299,0.001782,3.8,0.5265,500.0
1627001943.4303107,COCOS,1.0054946414870185,0.0,293.84,10.9989,0.001782,3.8,0.5265,500.0,1.0054946414870185,293.84,10.9989,0.001782,3.8,0.5265,500.0,1.0054946414870185,293.84,10.9989,0.001782,3.8,0.5265,500.0,1.0054946414870185,293.84,10.9989,0.001782,3.8,0.5265,500.0
1627001943.930338,COCOS,1.0054946414870185,0.0,293.84,10.9989,0.001782,3.8,0.5265,500.0,1.0054946414870185,293.84,10.9989,0.001782,3.8,0.5265,500.0,1.0054946414870185,293.84,10.9989,0.001782,3.8,0.5265,500.0,1.0054946414870185,293.84,10.9989,0.001782,3.8,0.5265,500.0
1627001944.461559,COCOS,1.005289368678277,0.0,293.9,0.8165,0.001782,3.8,0.5265,500.0,1.005289368678277,293.9,0.8165,0.001782,3.8,0.5265,500.0,1.005289368678277,293.9,0.8165,0.001782,3.8,0.5265,500.0,1.005289368678277,293.9,0.8165,0.001782,3.8,0.5265,500.0
1627001944.930357,COCOS,1.0053235749924987,0.0,293.89,3.559,0.001782,3.8,0.5265,500.0,1.0053235749924987,293.89,3.559,0.001782,3.8,0.5265,500.0,1.0053235749924987,293.89,3.559,0.001782,3.8,0.5265,500.0,1.0053235749924987,293.89,3.559,0.001782,3.8,0.5265,500.0
1627001945.431553,COCOS,1.0053235749924987,0.0,293.89,3.559,0.001782,3.8,0.5265,500.0,1.0053235749924987,293.89,3.559,0.001782,3.8,0.5265,500.0,1.0053235749924987,293.89,3.559,0.001782,3.8,0.5265,500.0,1.0053235749924987,293.89,3.559,0.001782,3.8,0.5265,500.0
1627001945.930297,COCOS,1.0053235749924987,0.0,293.89,3.559,0.001782,3.8,0.5265,500.0,1.0053235749924987,293.89,3.559,0.001782,3.8,0.5265,500.0,1.0053235749924987,293.89,3.559,0.001782,3.8,0.5265,500.0,1.0053235749924987,293.89,3.559,0.001782,3.8,0.5265,500.0
1627001946.477184,COCOS,1.0053235749924987,0.0,293.89,3.559,0.001782,3.8,0.5265,500.0,1.0053235749924987,293.89,1.5596,0.001782,3.8,0.5265,500.0,1.0053235749924987,293.89,1.5596,0.001782,3.8,0.5265,500.0,1.0053235749924987,293.89,1.5596,0.001782,3.8,0.5265,500.0
1627001947.0084612,COCOS,1.0053235749924987,0.0,293.89,3.559,0.001782,3.8,0.5265,500.0,1.0053235749924987,293.89,3.559,0.001782,3.8,0.5265,500.0,1.0053235749924987,293.89,3.559,0.001782,3.8,0.5265,500.0,1.0051525666957386,293.94,19.21,0.001782,3.8,0.5265,500.0
1627001947.5085435,COCOS,1.0053235749924987,0.0,293.89,0.4424,0.001782,3.8,0.5265,500.0,1.0053235749924987,293.89,0.4424,0.001782,3.8,0.5265,500.0,1.0053235749924987,293.89,0.3169,0.001782,3.8,0.5265,500.0,1.0053235749924987,293.89,0.3169,0.001782,3.8,0.5265,500.0
1627001948.0240984,COCOS,1.0053577836346312,0.0,293.88,3.559,0.001782,3.8,0.5265,500.0,1.0053577836346312,293.88,3.559,0.001782,3.8,0.5265,500.0,1.0053577836346312,293.88,3.559,0.001782,3.8,0.5265,500.0,1.0044030279046838,293.88,8.525,0.001782,3.8,0.526,760.45
1627001948.539718,COCOS,1.0044030279046838,0.0,293.88,8.525,0.001782,3.8,0.526,760.45,1.0042120767586944,293.88,8.525,0.001782,3.8,0.5259,47.86,1.0042120767586944,293.88,8.525,0.001782,3.8,0.5259,47.86,1.0042120767586944,293.88,8.525,0.001782,3.8,0.5259,47.86
1627001949.055326,COCOS,1.0042120767586944,0.0,293.88,8.525,0.001782,3.8,0.5259,47.86,1.0042120767586944,293.88,8.525,0.001782,3.8,0.5259,47.86,1.0042120767586944,293.88,12.3688,0.001782,3.8,0.5259,47.86,1.0042120767586944,293.88,12.3688,0.001782,3.8,0.5259,47.86
1627001949.570937,COCOS,1.0042120767586944,0.0,293.88,12.6857,0.001782,3.8,0.5259,47.86,1.0042120767586944,293.88,12.6857,0.001782,3.8,0.5259,47.86,1.0042120767586944,293.88,12.6857,0.001782,3.8,0.5259,47.86,1.0042120767586944,293.88,13.4845,0.001782,3.8,0.5259,47.86
1627001950.1334493,COCOS,1.0042120767586944,0.0,293.88,13.4845,0.001782,3.8,0.5259,47.86,1.0042120767586944,293.88,13.4845,0.001782,3.8,0.5259,47.86,1.0042120767586944,293.88,13.4845,0.001782,3.8,0.5259,47.86,1.0042120767586944,293.88,26.3014,0.001782,3.8,0.5259,47.86
1627001950.6335502,COCOS,1.0042120767586944,0.0,293.88,42.3014,0.001782,3.8,0.5259,47.86,1.0042120767586944,293.88,26.3014,0.001782,3.8,0.5259,47.86,1.0042120767586944,293.88,26.3014,0.001782,3.8,0.5259,47.86,1.0042120767586944,293.88,26.3014,0.001782,3.8,0.5259,47.86
1627001951.180472,COCOS,1.0042120767586944,0.0,293.88,13.1344,0.001782,3.8,0.5259,47.86,1.0042120767586944,293.88,13.1344,0.001782,3.8,0.5259,47.86,1.0042120767586944,293.88,13.1344,0.001782,3.8,0.5259,47.86,1.0042120767586944,293.88,12.3356,0.001782,3.8,0.5259,47.86
1627001951.680318,COCOS,1.0042120767586944,0.0,293.88,12.3356,0.001782,3.8,0.5259,47.86,1.0042120767586944,293.88,12.3356,0.001782,3.8,0.5259,47.86,1.0042120767586944,293.88,12.3356,0.001782,3.8,0.5259,47.86,1.0042120767586944,293.88,7.0147,0.001782,3.8,0.5259,47.86
1627001952.1647272,COCOS,1.0042120767586944,0.0,293.88,7.0147,0.001782,3.8,0.5259,47.86,1.0042120767586944,293.88,7.0147,0.001782,3.8,0.5259,47.86,1.0042120767586944,293.88,7.0147,0.001782,3.8,0.5259,47.86,1.0042120767586944,293.88,7.0147,0.001782,3.8,0.5259,47.86
1627001952.6959183,COCOS,1.0042120767586944,0.0,293.88,10.5398,0.001782,3.8,0.5259,47.86,1.0042120767586944,293.88,10.5398,0.001782,3.8,0.5259,47.86,1.0042120767586944,293.88,10.5398,0.001782,3.8,0.5259,47.86,1.0042120767586944,293.88,10.5398,0.001782,3.8,0.5259,47.86
1627001953.2115889,COCOS,1.0042120767586944,0.0,293.88,10.4875,0.001782,3.8,0.5259,47.86,1.0042120767586944,293.88,10.4875,0.001782,3.8,0.5259,47.86,1.0042120767586944,293.88,23.4875,0.001782,3.8,0.5259,47.86,1.0042120767586944,293.88,24.3813,0.001782,3.8,0.5259,47.86
1627001953.7116077,COCOS,1.0042120767586944,0.0,293.88,24.3813,0.001782,3.8,0.5259,47.86,1.0042120767586944,293.88,24.3813,0.001782,3.8,0.5259,47.86,1.0042120767586944,293.88,24.3406,0.001782,3.8,0.5259,47.86,1.0042120767586944,293.88,10.5418,0.001782,3.8,0.5259,47.86
1627001954.1959355,COCOS,1.0042120767586944,0.0,293.88,10.5418,0.001782,3.8,0.5259,47.86,1.0042120767586944,293.88,10.5418,0.001782,3.8,0.5259,47.86,1.0042120767586944,293.88,10.5418,0.001782,3.8,0.5259,47.86,1.0042120767586944,293.88,10.5418,0.001782,3.8,0.5259,47.86
1627001954.727214,COCOS,1.0042120767586944,0.0,293.88,10.5418,0.001782,3.8,0.5259,47.86,1.0042120767586944,293.88,10.5418,0.001782,3.8,0.5259,47.86,1.0042120767586944,293.88,10.5418,0.001782,3.8,0.5259,47.86,1.0042120767586944,293.88,10.5418,0.001782,3.8,0.5259,47.86
1627001955.211675,COCOS,1.0042120767586944,0.0,293.88,10.5418,0.001782,3.8,0.5259,47.86,1.0042120767586944,293.88,10.5418,0.001782,3.8,0.5259,47.86,1.0042120767586944,293.88,10.5418,0.001782,3.8,0.5259,47.86,1.0042120767586944,293.88,10.5418,0.001782,3.8,0.5259,47.86
1627001955.6959455,COCOS,1.0042120767586944,0.0,293.88,10.5418,0.001782,3.8,0.5259,47.86,1.0042120767586944,293.88,10.5418,0.001782,3.8,0.5259,47.86,1.0042120767586944,293.88,10.5418,0.001782,3.8,0.5259,47.86,1.0042120767586944,293.88,10.4738,0.001782,3.8,0.5259,47.86
1627001956.1803105,COCOS,1.0042120767586944,0.0,293.88,10.4738,0.001782,3.8,0.5259,47.86,1.0042120767586944,293.88,10.4738,0.001782,3.8,0.5259,47.86,1.0042120767586944,293.88,10.4738,0.001782,3.8,0.5259,47.86,1.0042120767586944,293.88,10.5688,0.001782,3.8,0.5259,47.86
1627001956.695956,COCOS,1.0042120767586944,0.0,293.88,9.3044,0.001782,3.8,0.5259,47.86,1.0042462487421144,293.87,13.0,0.001782,3.8,0.5259,47.86,1.0042120767586944,293.88,8.4977,0.001782,3.8,0.5259,47.86,1.0042120767586944,293.88,8.4977,0.001782,3.8,0.5259,47.86
1627001957.1959262,COCOS,1.0042462487421144,0.0,293.87,3.3951,0.001782,3.8,0.5259,47.86,1.0042462487421144,293.87,3.3951,0.001782,3.8,0.5259,47.86,1.0042462487421144,293.87,3.3951,0.001782,3.8,0.5259,47.86,1.0042462487421144,293.87,3.3951,0.001782,3.8,0.5259,47.86
1627001957.6960363,COCOS,1.0042804230512663,0.0,293.86,3.21,0.001782,3.8,0.5259,47.86,1.0042804230512663,293.86,3.21,0.001782,3.8,0.5259,47.86,1.0042804230512663,293.86,8.61,0.001782,3.8,0.5259,47.86,1.0042804230512663,293.86,8.5695,0.001782,3.8,0.5259,47.86
1627001958.1959765,COCOS,1.004314599686388,0.0,293.85,0.1038,0.001782,3.8,0.5259,47.86,1.004314599686388,293.85,0.1038,0.001782,3.8,0.5259,47.86,1.004314599686388,293.85,0.1038,0.001782,3.8,0.5259,47.86,1.004314599686388,293.85,0.1038,0.001782,3.8,0.5259,47.86
1627001958.7115762,COCOS,1.004314599686388,0.0,293.85,3.4989,0.001782,3.8,0.5259,47.86,1.004314599686388,293.85,3.4989,0.001782,3.8,0.5259,47.86,1.004314599686388,293.85,3.4989,0.001782,3.8,0.5259,47.86,1.004314599686388,293.85,8.6408,0.001782,3.8,0.5259,47.86
1627001959.211645,COCOS,1.004314599686388,0.0,293.85,8.6408,0.001782,3.8,0.5259,47.86,1.004314599686388,293.85,8.6408,0.001782,3.8,0.5259,47.86,1.004314599686388,293.85,8.6408,0.001782,3.8,0.5259,47.86,1.004314599686388,293.85,8.7358,0.001782,3.8,0.5259,47.86
1627001959.727226,COCOS,1.004314599686388,0.0,293.85,8.7358,0.001782,3.8,0.5259,47.86,1.004314599686388,293.85,8.7358,0.001782,3.8,0.5259,47.86,1.004314599686388,293.85,8.7358,0.001782,3.8,0.5259,47.86,1.004314599686388,293.85,8.7358,0.001782,3.8,0.5259,47.86
1627001960.2428205,COCOS,1.004314599686388,0.0,293.85,8.7358,0.001782,3.8,0.5259,47.86,1.004314599686388,293.85,26.7358,0.001782,3.8,0.5259,47.86,1.0039326584048949,293.85,28.4934,0.001782,3.8,0.5257,47.86,1.0039326584048949,293.85,28.4934,0.001782,3.8,0.5257,47.86
1627001975.3209314,COCOS,1.0040009926565645,14.575725078582764,293.83,1.7744,0.001782,3.8,0.5257,47.86,1.0040009926565645,293.83,1.7744,0.001782,3.8,0.5257,47.86,1.0040009926565645,293.83,1.7744,0.001782,3.8,0.5257,47.86,1.0040009926565645,293.83,1.434,0.001782,3.8,0.5257,47.86
1627001977.571004,COCOS,1.0040009926565645,1.7344775199890137,293.83,3.2586,0.001782,3.8,0.5257,47.86,1.0040009926565645,293.83,3.2586,0.001782,3.8,0.5257,47.86,1.0039668243679498,293.84,2.1147,0.001782,3.8,0.5257,47.86,1.0039326584048949,293.85,0.1314,0.001782,3.8,0.5257,47.86
1627001978.102417,COCOS,1.0040009926565645,0.0,293.83,13.0,0.001782,3.8,0.5257,47.86,1.0040009926565645,293.83,13.0,0.001782,3.8,0.5257,47.86,1.0040009926565645,293.83,13.0,0.001782,3.8,0.5257,47.86,1.0040009926565645,293.83,14.8409,0.001782,3.8,0.5257,47.86
1627001979.0240638,COCOS,1.0040009926565645,0.4062762260437011,293.83,3.2586,0.001782,3.8,0.5257,47.86,1.0039326584048949,293.85,3.2586,0.001782,3.8,0.5257,47.86,1.0039326584048949,293.85,3.2586,0.001782,3.8,0.5257,47.86,1.003864333454515,293.87,15.2,0.001782,3.8,0.5257,47.86
1627001982.7117205,COCOS,1.0040351632709763,3.062497615814209,293.82,16.0,0.001782,3.8,0.5257,47.86,1.0042744227141391,293.75,8.0,0.001782,3.8,0.5257,47.86,1.0043086119434816,293.74,1.7914,0.001782,3.8,0.5257,47.86,1.0043086119434816,293.74,19.7514,0.001782,3.8,0.5257,47.86
1627001983.3053043,COCOS,1.0043086119434816,0.0,293.74,6.1578,0.001782,3.8,0.5257,47.86,1.0043086119434816,293.74,6.1578,0.001782,3.8,0.5257,47.86,1.0043086119434816,293.74,6.1578,0.001782,3.8,0.5257,47.86,1.0043086119434816,293.74,0.0002,0.001782,3.8,0.5257,47.86
1627001983.821034,COCOS,1.0041376890713716,0.0,293.79,4.682,0.001782,3.8,0.5257,47.86,1.0041376890713716,293.79,4.682,0.001782,3.8,0.5257,47.86,1.0041376890713716,293.79,3.2465,0.001782,3.8,0.5257,47.86,1.0041718689913486,293.78,3.2464,0.001782,3.8,0.5257,47.86
1627001984.383429,COCOS,1.0041718689913486,0.0,293.78,3.2464,0.001782,3.8,0.5257,47.86,1.0041718689913486,293.78,3.2464,0.001782,3.8,0.5257,47.86,1.00420605123831,293.77,13.0,0.001782,3.8,0.5257,47.86,1.00420605123831,293.77,13.0,0.001782,3.8,0.5257,47.86
1627001984.88343,COCOS,1.00420605123831,0.0,293.77,13.0,0.001782,3.8,0.5257,47.86,1.00420605123831,293.77,13.0,0.001782,3.8,0.5257,47.86,1.00420605123831,293.77,13.0,0.001782,3.8,0.5257,47.86,1.0042402358124942,293.76,1.7645,0.001782,3.8,0.5257,47.86
1627001985.3990555,COCOS,1.0042744227141391,0.0,293.75,19.7313,0.001782,3.8,0.5257,47.86,1.0042744227141391,293.75,19.7313,0.001782,3.8,0.5257,47.86,1.0042744227141391,293.75,19.7313,0.001782,3.8,0.5257,47.86,1.0042744227141391,293.75,10.2943,0.001782,3.8,0.5257,47.86
1627001985.8834395,COCOS,1.0042744227141391,0.0,293.75,10.2943,0.001782,3.8,0.5257,47.86,1.0042744227141391,293.75,10.2943,0.001782,3.8,0.5257,47.86,1.0042744227141391,293.75,10.2943,0.001782,3.8,0.5257,47.86,1.0042744227141391,293.75,10.2943,0.001782,3.8,0.5257,47.86
1627001986.3834617,COCOS,1.0042744227141391,0.0,293.75,10.2943,0.001782,3.8,0.5257,47.86,1.0042744227141391,293.75,10.2943,0.001782,3.8,0.5257,47.86,1.0042744227141391,293.75,10.2943,0.001782,3.8,0.5257,47.86,1.0042744227141391,293.75,23.4311,0.001782,3.8,0.5257,47.86
1627001986.930375,COCOS,1.0043428035007602,0.0,293.73,1.7106,0.001782,3.8,0.5257,47.86,1.0043428035007602,293.73,1.7106,0.001782,3.8,0.5257,47.86,1.0043769973862124,293.72,13.0,0.001782,3.8,0.5257,47.86,1.0043769973862124,293.72,16.2464,0.001782,3.8,0.5257,47.86
1627001987.4303167,COCOS,1.0043086119434816,0.0,293.74,0.8165,0.001782,3.8,0.5257,47.86,1.004411193600076,293.71,3.2464,0.001782,3.8,0.5257,47.86,1.004411193600076,293.71,3.2464,0.001782,3.8,0.5257,47.86,1.0044453921425889,293.7,13.0,0.001782,3.8,0.5257,47.86
1627001988.164706,COCOS,1.0043428035007602,0.0,293.73,4.9849,0.001782,3.8,0.5257,47.86,1.0043428035007602,293.73,3.2464,0.001782,3.8,0.5257,47.86,1.0043428035007602,293.73,3.1464,0.001782,3.8,0.5257,47.86,1.0041035114781427,293.8,1.7385,0.001782,3.8,0.5257,47.86
1627002079.4772584,AXS,1.0043665455856898,90.7278401851654,293.91,1.07,0.088586,112.0,26.15,44276.5,1.0010199472171546,293.91,0.9452,0.089392,115.0,26.3,31660.6,1.010127730359604,293.91,16.0,0.09018,101.0,26.3,28019.83,0.9956403351503296,293.91,16.0,0.089875,150.0,26.3,24642.42
1627002648.680335,CTSI,1.007340020931741,568.2969257831573,294.32,2.14,0.00127,24151.0,0.37653,13438.7,0.9991802805024472,294.32,2.0337,0.00127,24151.0,0.37348,1360.4,0.9999901009621596,294.31,1.3348,0.001272,1542.0,0.37377,800.0,0.9987650466531997,294.31,0.2647,0.001272,1542.0,0.3739,210.6
1627003845.680327,OGN,1.0058115459854642,1196.109355211258,295.0,0.4941,0.002374,106.1,0.7044,113.21,1.0012611135677645,295.05,0.3816,0.002381,26.1,0.7034,414.84,1.005110604135283,295.08,9.7645,0.002395,95.5,0.7041,7104.82,0.9985953582508604,295.07,12.6417,0.002395,95.5,0.7057,7104.82
1627004333.6646798,CHR,1.0041574500301662,487.17070960998535,296.93,0.934,0.0009643,1900.0,0.28752,459.1,1.0040560063222566,296.96,0.6536,0.0009643,1900.0,0.28752,459.1,1.0040560063222566,296.96,0.6031,0.0009643,1900.0,0.28752,248.1,0.999771379491309,296.97,0.934,0.0009684,979.0,0.28752,248.1
1627005575.9801848,MATIC,1.0045052674684292,1241.4374933242798,296.19,0.0282,0.0030821,2695.0,0.917,24286.4,0.9994203226705703,296.26,0.0027,0.0030907,32.0,0.91512,1978.6,1.002728743122957,296.32,1.51,0.0030936,32.0,0.91578,1304.9,0.9992794719014793,296.37,0.1127,0.0030935,1498.0,0.91616,2033.0
1627006253.1334758,KLAY,1.0078628053094378,676.5625457763672,295.86,6.5759,0.003253,175.0,0.97,4977.0,0.9905199599824576,295.88,5.5,0.003278,22.0,0.9607,862.0,0.9982024771233924,295.89,5.5,0.003278,22.0,0.9608,108.0,0.9907860609459054,295.86,9.3348,0.003277,892.0,0.9606,195.0
1627008783.3057868,ZEN,1.0073734148530489,2529.5312790870667,295.58,23.7231,0.1696,4.97,50.5,213.7235,0.9978488074284664,295.58,23.7231,0.1701,53.34,50.17,10.8495,1.004517155038235,295.54,31.9835,0.1705,23.52,50.35,7.2647,0.9974302993566913,295.49,45.5917,0.1708,3.63,50.34,14.2013
1627009351.477249,RUNE,1.0111085709225611,567.4375460147858,295.46,0.8066,0.01272,120.0,3.8,598.807,0.9976082316143108,295.46,4.1335,0.01277,34.4,3.764,150.0,1.0060530280679485,295.46,4.1335,0.01283,181.4,3.781,106.666,0.9987802798141256,295.45,2.6396,0.01283,181.4,3.786,877.513
1627013471.414707,SUSHI,1.005142783488697,4119.109414339066,296.2,48.202,0.02855,226.94,8.5,3137.0,0.9985506736735924,296.2,28.7297,0.02861,2.58,8.462,475.045,1.0023047332764936,296.2,28.7297,0.02862,9.39,8.476,850.0,0.9998532541944058,296.2,19.3314,0.02862,9.39,8.476,2.0
1627014688.2584486,PERL,1.005443328728196,1216.1406614780426,296.77,10.2851,0.000192,14273.0,0.05729,209.1,0.9973773326302696,296.77,10.2851,0.0001921,975.0,0.05686,10930.8,0.9978967999910144,296.77,10.2851,0.0001921,975.0,0.05686,10930.8,0.9975527419395608,296.77,10.2851,0.0001921,975.0,0.05687,5694.4
1627017178.6022265,AXS,1.0200546157642374,2489.796890497208,298.89,4.4,0.100366,4.0,30.6,915.16,0.998132459365251,298.89,1.6812,0.100708,11.0,30.0444,16.24,1.0024059916886707,298.94,1.6812,0.101023,56.0,30.0756,671.23,0.9960340935338516,298.91,6.5,0.101035,20.0,30.0806,44.3
1627017457.8991797,FIO,1.0044707623327136,278.73464131355286,298.59,0.7704,0.0005328,60.6,0.1598,1804.55,0.9984739219605778,298.59,0.7704,0.000536,198.4,0.1598,1804.55,1.0044707623327136,298.59,0.7704,0.000536,198.4,0.1598,1804.55,0.9984739219605778,298.59,1.327,0.000536,198.4,0.1598,1804.55
1627018104.8835204,BAKE,1.0053407825395304,646.4219660758972,299.23,13.0,0.005917,9.0,1.78,14079.7,1.0007138369023405,299.23,13.0,0.005931,30.0,1.776,539.5,1.0030375077294766,299.26,12.0821,0.005934,35.0,1.7761,28.9,1.0001643481047129,299.26,11.8745,0.005935,201.0,1.7764,488.0
1627019340.7511573,BAND,1.0041319290972843,1235.1719086170197,298.31,7.0847,0.01749,1942.1,5.239,1.216,0.9967601012639716,298.41,4.8,0.0176,572.4,5.235,125.0,1.0031298801981243,298.38,6.5,0.0176,572.4,5.235,125.0,0.9968937286529538,298.37,9.8272,0.0176,572.4,5.235,125.0
1627022872.4616084,RUNE,1.0048742985626349,3531.1406483650208,298.98,0.815,0.01372,5.5,4.122,1836.175,0.9968818059493384,298.98,0.1566,0.01383,163.5,4.122,1733.771,1.0051180817500591,298.98,0.675,0.01383,130.8,4.123,100.575,0.9978451578589588,298.98,0.2902,0.01382,3.7,4.123,74.855
1627026212.2428386,WIN,1.0041240211710885,3339.2188239097595,296.5,0.4654,1.01e-06,4569774.0,0.0003007,4427669.0,0.9942461352690548,296.51,12.3171,1.02e-06,53447557.0,0.0003007,1706961.0,1.0040901564103324,296.51,12.3171,1.02e-06,53447557.0,0.0003007,1706961.0,0.9942461352690548,296.51,0.6045,1.02e-06,53447557.0,0.0003007,1706961.0
1627026463.1178324,RUNE,1.0083486855034052,250.3433074951172,296.65,0.4096,0.01374,255.2,4.11,37.373,0.9991287225679348,296.63,0.2082,0.01378,21.9,4.084,150.0,1.0032641785224323,296.63,0.0002,0.01379,16.8,4.089,156.73,0.9989111819294332,296.63,0.0002,0.01381,8.9,4.092,1750.0
1627027005.8990767,BURGER,1.005098488421715,542.2344489097595,296.82,1.3641,0.012,16.2,3.58,833.3,0.9945108587735356,296.82,2.0489,0.01206,128.4,3.56,406.2,0.9994834130674032,296.82,2.0489,0.01206,128.4,3.56,413.6,0.9945778743300568,296.8,2.0222,0.01206,128.4,3.56,413.6
1627028130.1646948,YFI,1.004413410132728,1123.734351158142,296.55,27.4072,96.74,0.0022,28814.86,0.025234,0.9954610521077768,296.55,27.8998,97.61,0.2192,28814.86,0.025234,1.004413410132728,296.55,27.8998,97.61,0.2192,28814.86,0.025234,0.995567883114837,296.55,27.8998,97.6,0.0191,28815.0,0.037853
1627030838.9884367,COCOS,1.004001573540247,2708.140564441681,292.92,1.9488,0.001845,13.2,0.5426,391.02,1.0044059335817146,292.91,8.2743,0.001845,13.2,0.5428,3915.8,1.0044059335817146,292.91,6.6743,0.001845,13.2,0.5428,3952.53,1.004453806272147,292.95,6.0,0.001845,13.2,0.5429,94.73
1627030840.1336238,COCOS,1.004638822629906,0.0,292.95,22.2152,0.001845,13.2,0.543,36.73,1.0046731176672046,292.94,0.3072,0.001845,13.2,0.543,36.73,1.0042617316912268,293.06,10.74,0.001845,13.2,0.543,0.01,1.0038027650522805,293.14,0.2425,0.001845,13.2,0.5429,94.73
1627034544.758409,PAXG,1.0044219168239168,3703.562304735184,291.0,1118.3241,6.179,0.009,1806.04,0.393764,1.0030775860385044,291.39,0.8796,6.179,0.009,1806.04,0.393764,1.0013250352715308,291.9,28.8564,6.179,0.009,1806.04,0.393764,1.001942882886877,291.72,3.2818,6.179,0.009,1806.04,0.393764
1627036231.292493,ERN,1.0084485947361432,1685.890653848648,291.74,26.5294,0.02295,11.8,6.752,2553.1,0.9990212757358192,291.74,24.9962,0.02317,17.6,6.753,11.5,1.0084485947361432,291.74,24.9962,0.02327,47.1,6.752,3871.9,0.9947171854925096,291.7,7.8046,0.02327,47.1,6.752,3871.9
1627038304.7428465,ERN,1.004902909907957,2072.8593146800995,293.42,13.0,0.02334,20.4,6.882,603.3,0.9934202225551346,293.42,12.4807,0.0235,22.4,6.85,16.2,1.0002303012016138,293.42,10.8445,0.0235,22.4,6.85,16.2,0.9933863671135454,293.43,9.1824,0.0235,22.4,6.85,16.2
1627043065.4146929,FET,1.0045295149035651,4760.124986410141,290.0,18.0,0.000944,2581.0,0.275,650433.1,0.9973530584865298,290.0,2.7774,0.000951,977.0,0.27506,500.0,1.0046390999415546,290.0,2.7774,0.000952,213.0,0.27503,500.0,0.9952961609436624,290.0,0.0188,0.000953,931.0,0.27507,500.0
1627045112.227232,ERN,1.0065005110299696,2046.2501232624047,289.79,3.1,0.02342,45.3,6.831,1.8,1.0065005110299696,289.79,3.1,0.02342,45.3,6.831,1.8,1.0065005110299696,289.79,3.1,0.02342,45.3,6.831,1.8,1.0065005110299696,289.79,3.1,0.02342,45.3,6.831,1.8
1627045112.7428014,ERN,1.0065005110299696,0.0,289.79,3.1,0.02342,45.3,6.831,1.8,1.0065005110299696,289.79,3.1,0.02342,45.3,6.831,1.8,1.0064310516937818,289.81,1.4329,0.02342,45.3,6.831,1.8,0.998155533490858,289.86,14.0,0.02342,40.2,6.776,8.9
1627048752.0709386,COCOS,1.0041990826883622,3638.765644550324,290.31,5.833,0.001877,4.8,0.5472,831.31,1.0041990826883622,290.31,8.1337,0.001877,4.8,0.5472,831.31,1.0041990826883622,290.31,8.1337,0.001877,4.8,0.5472,831.31,1.0041990826883622,290.31,8.4834,0.001877,4.8,0.5472,831.31
1627048752.60219,COCOS,1.004233674458348,0.0,290.3,3.4852,0.001877,4.8,0.5472,831.31,1.004233674458348,290.3,2.2734,0.001877,4.8,0.5472,831.31,1.004233674458348,290.3,2.2734,0.001877,4.8,0.5472,831.31,1.004233674458348,290.3,3.2375,0.001877,4.8,0.5472,831.31
1627048753.1021557,COCOS,1.004233674458348,0.0,290.3,8.2375,0.001877,4.8,0.5472,831.31,1.0041990826883622,290.31,0.9202,0.001877,4.8,0.5472,831.31,1.004233674458348,290.3,0.6201,0.001877,4.8,0.5472,831.31,1.004233674458348,290.3,0.4414,0.001877,4.8,0.5472,784.61
1627048753.6334388,COCOS,1.004233674458348,0.0,290.3,0.4414,0.001877,4.8,0.5472,784.61,1.004233674458348,290.3,0.4414,0.001877,4.8,0.5472,784.61,1.004233674458348,290.3,0.4414,0.001877,4.8,0.5472,784.61,1.004233674458348,290.3,0.4414,0.001877,4.8,0.5472,784.61
1627048754.1022265,COCOS,1.004233674458348,0.0,290.3,0.4414,0.001877,4.8,0.5472,784.61,1.004233674458348,290.3,0.4414,0.001877,4.8,0.5472,784.61,1.004233674458348,290.3,0.4414,0.001877,4.8,0.5472,784.61,1.004233674458348,290.3,0.9202,0.001877,4.8,0.5472,784.61
1627048754.649074,COCOS,1.004233674458348,0.0,290.3,0.5418,0.001877,4.8,0.5472,784.61,1.004233674458348,290.3,0.5418,0.001877,4.8,0.5472,784.61,1.004233674458348,290.3,0.504,0.001877,4.8,0.5472,784.61,1.004233674458348,290.3,0.466,0.001877,4.8,0.5472,784.61
1627048755.164699,COCOS,1.004233674458348,0.0,290.3,0.2938,0.001877,4.8,0.5472,784.61,1.0041990826883622,290.31,0.8965,0.001877,4.8,0.5472,784.61,1.004164493301386,290.32,2.1108,0.001877,4.8,0.5472,784.61,1.0041299062971736,290.33,51.0216,0.001877,4.8,0.5472,784.61
1627048755.6803331,COCOS,1.0041299062971736,0.0,290.33,51.0216,0.001877,4.8,0.5472,784.61,1.0041299062971736,290.33,66.9825,0.001877,4.8,0.5472,784.61,1.0041299062971736,290.33,50.9825,0.001877,4.8,0.5472,784.61,1.0041299062971736,290.33,50.9825,0.001877,4.8,0.5472,784.61
1627048756.1959727,COCOS,1.0041299062971736,0.0,290.33,50.9825,0.001877,4.8,0.5472,784.61,1.0041299062971736,290.33,50.9825,0.001877,4.8,0.5472,784.61,1.0041299062971736,290.33,66.9825,0.001877,4.8,0.5472,784.61,1.0041299062971736,290.33,53.1527,0.001877,4.8,0.5472,784.61
1627048756.75852,COCOS,1.0041299062971736,0.0,290.33,52.8387,0.001877,4.8,0.5472,784.61,1.0041299062971736,290.33,52.8387,0.001877,4.8,0.5472,784.61,1.0041299062971736,290.33,52.8387,0.001877,4.8,0.5472,784.61,1.0041299062971736,290.33,52.8387,0.001877,4.8,0.5472,784.61
1627048757.3365743,COCOS,1.0041299062971736,0.0,290.33,50.6685,0.001877,4.8,0.5472,784.61,1.0041299062971736,290.33,50.6685,0.001877,4.8,0.5472,784.61,1.0041299062971736,290.33,51.8678,0.001877,4.8,0.5472,784.61,1.0041299062971736,290.33,51.8678,0.001877,4.8,0.5472,784.61
1627048757.82116,COCOS,1.0041299062971736,0.0,290.33,51.3401,0.001877,4.8,0.5472,784.61,1.0041299062971736,290.33,51.3401,0.001877,4.8,0.5472,784.61,1.0041299062971736,290.33,51.3401,0.001877,4.8,0.5472,784.61,1.0041299062971736,290.33,54.0811,0.001877,4.8,0.5472,784.61
1627048758.3053236,COCOS,1.004164493301386,0.0,290.32,24.724,0.001877,4.8,0.5472,784.61,1.004164493301386,290.32,28.652,0.001877,4.8,0.5472,784.61,1.001778868591423,290.32,28.652,0.001877,4.8,0.5459,34822.14,0.9985867957228364,290.32,26.2736,0.001883,261.7,0.5459,34822.14
1627050881.4157562,COCOS,1.0040618043793514,2122.593764781952,291.25,0.8197,0.001903,18.4,0.5565,2600.0,1.004242228782654,291.25,0.8197,0.001903,18.4,0.5566,2600.0,1.0040618043793514,291.25,0.8197,0.001903,18.4,0.5565,2600.0,1.0049639263958647,291.25,0.8197,0.001903,18.4,0.557,2600.0
1627050881.945938,COCOS,1.0049639263958647,0.0,291.25,0.8197,0.001903,18.4,0.557,2600.0,1.0049639263958647,291.25,0.8197,0.001903,18.4,0.557,2600.0,1.004783501992562,291.25,0.8197,0.001903,18.4,0.5569,99.68,1.0049639263958647,291.25,0.5959,0.001903,18.4,0.557,2600.0
1627050882.4964948,COCOS,1.0049639263958647,0.0,291.25,0.5959,0.001903,18.4,0.557,2650.86,1.0049639263958647,291.25,0.5959,0.001903,18.4,0.557,2650.86,1.0049639263958647,291.25,6.9954,0.001903,18.4,0.557,2650.86,1.0076702924454048,291.25,6.519,0.001903,18.4,0.5585,53.09
1627052129.9615662,COCOS,1.005076956076738,1246.8750171661377,289.94,5.1741,0.001898,17.3,0.5531,26.75,1.005076956076738,289.94,5.1741,0.001898,17.3,0.5531,26.75,1.005076956076738,289.94,5.1741,0.001898,17.3,0.5531,26.75,1.0011498807505554,289.94,4.9488,0.001902,131.3,0.5521,85.14
1627052640.3990855,INJ,1.010330517280244,509.82814598083496,289.22,0.3026,0.02002,148.6,5.85,779.323,0.9946623677475868,289.23,35.7175,0.02014,2.5,5.794,35.0,1.0013151803422522,289.23,35.2024,0.02021,16.2,5.798,70.714,0.993077214577593,289.23,1.0,0.0202,449.4,5.802,70.665
1627053359.8522701,MASK,1.007397428625449,718.8618409633636,288.64,5.2001,0.0129,94.09,3.751,23.62,0.9970196633722342,288.62,13.0,0.01299,91.22,3.738,109.68,1.0040451900917016,288.6,21.0907,0.01299,91.22,3.738,3.51,0.996421331533305,288.61,0.0782,0.01296,143.06,3.727,26.78
