start_time,crypto_code,e_roi,time_cost,ask,ask_q,ask_1,ask_1_q,bid_2,bid_2_q,roi_30,ask_30,ask_q_30,ask_1_30,ask_1_q_30,bid_2_30,bid_2_q_30,roi_100,ask_100,ask_q_100,ask_1_100,ask_1_q_100,bid_2_100,bid_2_q_100,roi_300,ask_300,ask_q_300,ask_1_300,ask_1_q_300,bid_2_300,bid_2_q_300
1621616357.996371,POLS,1.0058212993208742,2.4645140171051025,0.009006,0.03,0.006520999999999999,64.22,5.907e-05,3.4,0.9805522235437872,0.009006,0.03,0.006586,16.78,5.816e-05,51.48,0.9901062913832424,0.009008,0.2,0.006586,16.78,5.816e-05,51.48,0.9834703924006282,0.009008,0.55,0.0065650000000000005,16.78,5.816e-05,51.48
1621616443.516122,NMR,1.0044394966831915,85.05240201950073,0.00899,29.95,0.1237,0.81,0.001117,0.038,1.0045512376439971,0.008989,2.41,0.1237,0.81,0.001117,0.038,1.0045512376439971,0.008989,3.32,0.1237,0.81,0.001117,0.038,1.0046630034692805,0.008988,0.17,0.1237,0.81,0.001117,0.038
1621616443.9567802,NMR,1.0047747941673406,0.0004451274871826172,0.008987,20.98,0.1237,0.81,0.001117,0.038,1.0047747941673406,0.008987,20.98,0.1237,0.81,0.001117,0.038,1.005782031096223,0.008978,0.03,0.1237,0.81,0.001117,0.038,1.0060061358268595,0.008976000000000001,0.9,0.1237,0.33,0.001117,0.038
1621616444.3856509,NMR,1.0051103155812433,0.0003719329833984375,0.008984,0.91,0.1237,0.33,0.001117,0.038,1.0051103155812433,0.008984,0.91,0.1237,0.33,0.001117,0.038,1.0051103155812433,0.008984,0.91,0.1237,0.33,0.001117,0.038,1.0058940709793796,0.008976999999999999,0.75,0.1237,0.33,0.001117,0.038
1621616444.809673,NMR,1.0049696061922684,0.0004069805145263672,0.008978,0.03,0.1238,0.39,0.001117,0.038,1.0049696061922684,0.008978,0.03,0.1238,0.39,0.001117,0.038,1.0049696061922684,0.008978,0.03,0.1238,0.39,0.001117,0.038,1.0049696061922684,0.008978,0.03,0.1238,0.39,0.001117,0.038
1621616445.249591,NMR,1.0049696061922684,0.0004420280456542969,0.008978,0.03,0.1238,0.39,0.001117,0.038,1.0049696061922684,0.008978,0.03,0.1238,0.39,0.001117,0.038,1.0049696061922684,0.008978,0.03,0.1238,0.39,0.001117,0.038,1.0044102331508609,0.008983,0.03,0.1238,0.39,0.001117,0.038
1621616445.6777642,NMR,1.0076660199682057,0.0004401206970214844,0.008983,0.03,0.1234,0.97,0.001117,0.038,1.0076660199682057,0.008983,0.03,0.1234,0.97,0.001117,0.038,1.0076660199682057,0.008983,0.03,0.1234,0.97,0.001117,0.038,1.00429843325848,0.008984,6.91,0.1238,0.39,0.001117,0.038
1621616446.103453,NMR,1.0044102331508609,0.0003948211669921875,0.008983,10.0,0.1238,0.39,0.001117,0.038,1.0044102331508609,0.008983,10.0,0.1238,0.39,0.001117,0.038,1.0045220579374508,0.008981999999999999,0.07,0.1238,0.39,0.001117,0.038,1.0045220579374508,0.008981999999999999,40.6,0.1238,0.39,0.001117,0.038
1621616446.537837,NMR,1.0045220579374508,0.0003628730773925781,0.008981999999999999,0.34,0.1238,0.39,0.001117,0.038,1.0045220579374508,0.008981999999999999,0.34,0.1238,0.39,0.001117,0.038,1.0045220579374508,0.008981999999999999,49.06,0.1238,0.39,0.001117,0.038,1.0047457822265238,0.00898,0.07,0.1238,0.39,0.001117,0.038
1621616446.975901,NMR,1.0048576817456494,0.0004100799560546875,0.008979000000000001,29.12,0.1238,0.39,0.001117,0.038,1.0048576817456494,0.008979000000000001,29.12,0.1238,0.39,0.001117,0.038,1.0055296026294644,0.008973,30.0,0.1238,0.39,0.001117,0.038,1.005641676816115,0.008971999999999999,0.6,0.1238,0.39,0.001117,0.038
1621616447.4030972,NMR,1.005641676816115,0.0005118846893310547,0.008971999999999999,0.5,0.1238,0.39,0.001117,0.038,1.005641676816115,0.008971999999999999,0.5,0.1238,0.39,0.001117,0.038,1.005641676816115,0.008971999999999999,0.5,0.1238,0.39,0.001117,0.038,1.005641676816115,0.008971999999999999,0.34,0.1238,0.39,0.001117,0.038
1621616447.8300474,NMR,1.005641676816115,0.0004470348358154297,0.008971999999999999,0.22,0.1238,0.39,0.001117,0.038,1.005641676816115,0.008971999999999999,10.84,0.1238,0.39,0.001117,0.038,1.005641676816115,0.008971999999999999,10.59,0.1238,0.39,0.001117,0.038,1.005641676816115,0.008971999999999999,80.13,0.1238,0.39,0.001117,0.038
1621616448.266536,NMR,1.005641676816115,0.0006580352783203125,0.008971999999999999,45.08,0.1238,0.39,0.001117,0.038,1.005641676816115,0.008971999999999999,54.26,0.1238,0.39,0.001117,0.038,1.005641676816115,0.008971999999999999,54.26,0.1238,0.39,0.001117,0.038,1.0057537759886506,0.008971,40.26,0.1238,0.39,0.001117,0.038
1621616448.719726,NMR,1.0057537759886506,0.0003831386566162109,0.008971,40.26,0.1238,0.39,0.001117,0.038,1.0057537759886506,0.008971,40.26,0.1238,0.39,0.001117,0.038,1.0057537759886506,0.008971,40.26,0.1238,0.39,0.001117,0.038,1.0059780493248058,0.008969,68.28,0.1238,0.39,0.001117,0.038
1621616449.16021,NMR,1.00609022350515,0.0005171298980712892,0.008968,40.26,0.1238,0.39,0.001117,0.038,1.00609022350515,0.008968,40.26,0.1238,0.39,0.001117,0.038,1.00609022350515,0.008968,40.26,0.1238,0.39,0.001117,0.038,1.00609022350515,0.008968,23.15,0.1238,0.39,0.001117,0.038
1621616449.6001859,NMR,1.0059780493248058,0.0003719329833984375,0.008969,66.25,0.1238,0.39,0.001117,0.038,1.0059780493248058,0.008969,66.25,0.1238,0.39,0.001117,0.038,1.0059780493248058,0.008969,66.25,0.1238,0.39,0.001117,0.038,1.0059780493248058,0.008969,51.45,0.1238,0.39,0.001117,0.038
1621616450.0413132,NMR,1.0059780493248058,0.0004067420959472656,0.008969,57.36,0.1238,0.39,0.001117,0.038,1.0059780493248058,0.008969,87.19,0.1238,0.39,0.001117,0.038,1.0059780493248058,0.008969,87.19,0.1238,0.39,0.001117,0.038,1.0059780493248058,0.008969,51.3,0.1238,0.39,0.001117,0.038
1621616450.4760802,NMR,1.0057537759886506,0.0005340576171875,0.008971,0.46,0.1238,0.39,0.001117,0.038,1.0057537759886506,0.008971,0.46,0.1238,0.39,0.001117,0.038,1.0057537759886506,0.008971,0.44,0.1238,0.39,0.001117,0.038,1.005417553420346,0.008974,0.18,0.1238,0.39,0.001117,0.038
1621616450.899487,NMR,1.005417553420346,0.0004019737243652344,0.008974,0.62,0.1238,0.39,0.001117,0.038,1.005417553420346,0.008974,0.6,0.1238,0.39,0.001117,0.038,1.005417553420346,0.008974,0.6,0.1238,0.39,0.001117,0.038,1.0055296026294644,0.008973,35.36,0.1238,0.39,0.001117,0.038
1621616451.3366332,NMR,1.0055296026294644,0.0003919601440429688,0.008973,35.36,0.1238,0.39,0.001117,0.038,1.0055296026294644,0.008973,35.52,0.1238,0.39,0.001117,0.038,1.0055296026294644,0.008973,0.16,0.1238,0.39,0.001117,0.038,1.0055296026294644,0.008973,0.16,0.1238,0.39,0.001117,0.038
1621616451.774364,NMR,1.0055296026294644,0.00044226646423339844,0.008973,0.16,0.1238,0.39,0.001117,0.038,1.005417553420346,0.008974,0.6,0.1238,0.39,0.001117,0.038,1.005417553420346,0.008974,0.6,0.1238,0.39,0.001117,0.038,1.005417553420346,0.008974,0.16,0.1238,0.39,0.001117,0.038
1621616452.2186098,NMR,1.005417553420346,0.0004038810729980469,0.008974,0.16,0.1238,0.39,0.001117,0.038,1.005417553420346,0.008974,0.16,0.1238,0.39,0.001117,0.038,1.005417553420346,0.008974,0.16,0.1238,0.39,0.001117,0.038,1.005417553420346,0.008974,0.16,0.1238,0.39,0.001117,0.038
1621616452.64827,NMR,1.005417553420346,0.0003840923309326172,0.008974,0.16,0.1238,0.39,0.001117,0.038,1.0050815555747112,0.008976999999999999,65.07,0.1238,0.39,0.001117,0.038,1.0050815555747112,0.008976999999999999,74.44,0.1238,0.39,0.001117,0.038,1.0050815555747112,0.008976999999999999,35.3,0.1238,0.39,0.001117,0.038
1621616453.0863636,NMR,1.0049696061922684,0.0003840923309326172,0.008978,9.32,0.1238,0.39,0.001117,0.038,1.0050815555747112,0.008976999999999999,48.56,0.1238,0.39,0.001117,0.038,1.0050815555747112,0.008976999999999999,48.56,0.1238,0.39,0.001117,0.038,1.0049696061922684,0.008978,9.32,0.1238,0.39,0.001117,0.038
1621616453.5409222,NMR,1.0049696061922684,0.0004668235778808594,0.008978,9.32,0.1238,0.39,0.001117,0.038,1.0049696061922684,0.008978,9.32,0.1238,0.39,0.001117,0.038,1.0050815555747112,0.008976999999999999,17.12,0.1238,0.39,0.001117,0.038,1.0049696061922684,0.008978,9.32,0.1238,0.39,0.001117,0.038
1621616453.9944372,NMR,1.0050815555747112,0.0005478858947753906,0.008976999999999999,35.3,0.1238,0.39,0.001117,0.038,1.0051935299013128,0.008976000000000001,70.86,0.1238,0.39,0.001117,0.038,1.0051935299013128,0.008976000000000001,70.84,0.1238,0.39,0.001117,0.038,1.0053055291804105,0.008975,48.56,0.1238,0.39,0.001117,0.038
1621616454.4369,NMR,1.0053055291804105,0.0017023086547851562,0.008975,0.26,0.1238,0.39,0.001117,0.038,1.005417553420346,0.008974,46.06,0.1238,0.39,0.001117,0.038,1.0053055291804105,0.008975,0.26,0.1238,0.39,0.001117,0.038,1.0049696061922684,0.008978,6.2,0.1238,0.39,0.001117,0.038
1621616454.874174,NMR,1.0049696061922684,0.00038909912109375,0.008978,6.2,0.1238,0.39,0.001117,0.038,1.0049696061922684,0.008978,6.2,0.1238,0.39,0.001117,0.038,1.0048576817456494,0.008979000000000001,0.39,0.1238,0.39,0.001117,0.038,1.0048576817456494,0.008979000000000001,0.39,0.1238,0.39,0.001117,0.038
1621616455.320439,NMR,1.0048576817456494,0.0003819465637207031,0.008979000000000001,0.39,0.1238,0.39,0.001117,0.038,1.0048576817456494,0.008979000000000001,0.39,0.1238,0.39,0.001117,0.038,1.0047457822265238,0.00898,0.35,0.1238,0.39,0.001117,0.038,1.0047457822265238,0.00898,0.35,0.1238,0.39,0.001117,0.038
1621616455.762111,NMR,1.0047457822265238,0.0011022090911865234,0.00898,0.35,0.1238,0.39,0.001117,0.038,1.0047457822265238,0.00898,0.35,0.1238,0.39,0.001117,0.038,1.0047457822265238,0.00898,0.35,0.1238,0.39,0.001117,0.038,1.0047457822265238,0.00898,0.35,0.1238,0.39,0.001117,0.038
1621616456.193023,NMR,1.0047457822265238,0.0012202262878417967,0.00898,0.35,0.1238,0.39,0.001117,0.038,1.0047457822265238,0.00898,0.35,0.1238,0.39,0.001117,0.038,1.0047457822265238,0.00898,0.35,0.1238,0.39,0.001117,0.038,1.0047457822265238,0.00898,0.28,0.1238,0.39,0.001117,0.038
1621616456.649266,NMR,1.0045220579374508,0.0005218982696533203,0.008981999999999999,2.59,0.1238,0.39,0.001117,0.038,1.0047457822265238,0.00898,0.91,0.1238,0.39,0.001117,0.038,1.0049696061922684,0.008978,0.91,0.1238,0.39,0.001117,0.038,1.0048576817456494,0.008979000000000001,5.69,0.1238,0.39,0.001117,0.038
1621616457.093048,NMR,1.0048576817456494,0.00047087669372558594,0.008979000000000001,6.6,0.1238,0.39,0.001117,0.038,1.0048576817456494,0.008979000000000001,6.6,0.1238,0.39,0.001117,0.038,1.0048576817456494,0.008979000000000001,6.6,0.1238,0.39,0.001117,0.038,1.0048576817456494,0.008979000000000001,5.69,0.1238,0.39,0.001117,0.038
1621616457.566698,NMR,1.0049696061922684,0.0004780292510986328,0.008978,0.91,0.1238,0.39,0.001117,0.038,1.0049696061922684,0.008978,0.91,0.1238,0.39,0.001117,0.038,1.0049696061922684,0.008978,2.0,0.1238,0.39,0.001117,0.038,1.0048576817456494,0.008979000000000001,43.18,0.1238,0.39,0.001117,0.038
1621616458.016133,NMR,1.0048576817456494,0.0004711151123046875,0.008979000000000001,5.58,0.1238,0.39,0.001117,0.038,1.0048576817456494,0.008979000000000001,5.58,0.1238,0.39,0.001117,0.038,1.0048576817456494,0.008979000000000001,5.58,0.1238,0.39,0.001117,0.038,1.0048576817456494,0.008979000000000001,5.56,0.1238,0.39,0.001117,0.038
1621616458.4540758,NMR,1.0049696061922684,0.0003790855407714844,0.008978,17.12,0.1238,0.39,0.001117,0.038,1.0049696061922684,0.008978,17.12,0.1238,0.39,0.001117,0.038,1.0049696061922684,0.008978,17.12,0.1238,0.39,0.001117,0.038,1.0048576817456494,0.008979000000000001,5.48,0.1238,0.39,0.001117,0.038
1621616458.890728,NMR,1.0048576817456494,0.0003578662872314453,0.008979000000000001,5.48,0.1238,0.39,0.001117,0.038,1.0048576817456494,0.008979000000000001,5.48,0.1238,0.39,0.001117,0.038,1.0048576817456494,0.008979000000000001,5.48,0.1238,0.39,0.001117,0.038,0.9967612456348968,0.008979000000000001,5.48,0.1238,0.39,0.001108,86.816
1621616518.253802,ONT,1.020140131824096,58.91782712936402,0.009023,0.44,0.00381,90.2,3.507e-05,1839.1,0.9893379377594756,0.009027,1.99,0.003928,15.9,3.508e-05,1080.77,1.0107865699149672,0.009026,0.22,0.003924,929.2,3.476e-05,380.28,0.9916659873778572,0.009026,0.22,0.00386,269.6,3.455e-05,400.1
1621617575.654069,ZEN,1.018646158748859,57.5020899772644,0.009087999999999999,0.6,0.2917,1.05,0.0027004,0.06,1.0006209505838861,0.009087999999999999,0.45,0.2926,0.31,0.0026608,6.03,1.0039291632291172,0.009086,13.92,0.2929,1.42,0.0026608,0.21,0.9986888310606128,0.009086,13.92,0.2929,1.42,0.0026578,5.4
1621617818.916115,XLM,1.0166394874139861,242.8253779411316,0.009104,0.87,0.001276,3924.0,1.181e-05,1765.0,0.9976837672200852,0.009105,1.68,0.001299,12314.0,1.18e-05,2166.0,1.0156670953126103,0.009105,1.68,0.001299,12301.0,1.18e-05,2166.0,0.9976837672200852,0.009105,45.03,0.001299,49170.0,1.18e-05,2000.0
1621617846.5609741,WAN,1.0041388443050634,27.20347595214844,0.009065,68.28,0.0028190000000000003,2.9,2.566e-05,26.0,1.002921840417078,0.009076,1.65,0.0028190000000000003,2.9,2.566e-05,26.0,1.002921840417078,0.009076,57.47,0.0028190000000000003,2.9,2.566e-05,26.0,1.0034232485778811,0.009075,0.85,0.0028190000000000003,2.9,2.567e-05,114.0
1621618730.1142669,XMR,1.0355430228297409,883.1047751903534,0.008967000000000001,0.52,0.84,31.905,0.0078,973.918,0.9877113399528086,0.008969,0.35,0.871,0.133,0.007716,22.19400000000001,1.00531460214814,0.008969,0.35,0.871,0.133,0.007573999999999998,0.303,0.9691501496607976,0.008969,0.35,0.871,0.133,0.007571,0.14800000000000002
1621620591.339544,AXS,1.0049922531671074,1860.7692339420319,0.009009999999999999,28.42,0.013132,76.0,0.00011891,3.0,0.9930273874128718,0.009012000000000001,28.42,0.013199,7.0,0.00011812,110.0,0.9980938536751824,0.009012000000000001,28.42,0.013199,7.0,0.00011812,110.0,0.9932478152458156,0.009009999999999999,67.18,0.013199,7.0,0.00011812,110.0
1621620901.208561,AR,1.0048581077981285,309.40759515762335,0.008945999999999999,3.56,0.04839,6.61,0.000435,684.03,0.9855359611891368,0.008945999999999999,3.5,0.04842,6.6,0.0004269,0.33,0.9965420406991096,0.008945999999999999,3.83,0.04898,69.55,0.0004314,16.31,0.9926621727595016,0.008945,22.38,0.04899,28.47,0.000435,238.76
1621622750.39454,POLS,1.0053462081134923,1848.7420110702515,0.008995999999999999,0.4,0.00635,5.62,5.743e-05,10.0,1.0045552197514829,0.008995999999999999,0.4,0.0063549999999999995,0.04,5.743e-05,10.0,1.0053462081134923,0.008995999999999999,0.4,0.0063549999999999995,0.04,5.743e-05,10.0,1.0045552197514829,0.008995999999999999,0.4,0.0063549999999999995,0.04,5.743e-05,10.0
1621622985.037722,POLS,1.0051493579562578,234.1653289794922,0.00901,7.1,0.006348,6.73,5.749e-05,10.0,0.9993246866572162,0.00901,7.1,0.006385,18.45,5.749e-05,10.0,1.0051493579562578,0.00901,7.1,0.006385,18.45,5.749e-05,10.0,0.9993246866572162,0.00901,7.1,0.006385,18.45,5.749e-05,10.0
1621623147.4460092,FIO,1.00420393448349,161.97810387611392,0.008907,2.13,0.00054,0.4,4.83e-06,41.0,1.0020663728931711,0.008926,36.85,0.00054,0.4,4.83e-06,41.0,1.0056717387502183,0.008893999999999999,66.99,0.00054,0.4,4.83e-06,41.0,1.0056717387502183,0.008893999999999999,63.59,0.00054,0.4,4.83e-06,41.0
1621623147.8892958,FIO,1.0043166903710357,0.0003650188446044922,0.008906,1.74,0.00054,0.4,4.83e-06,41.0,1.0019541217031978,0.008927,4.63,0.00054,0.4,4.83e-06,41.0,1.002628006327143,0.008921,48.27,0.00054,0.4,4.83e-06,41.0,1.0029652886795744,0.008918,7.27,0.00054,0.4,4.83e-06,41.0
1621623149.72746,FIO,1.00409120391159,1.4008870124816897,0.008908,48.27,0.00054,0.4,4.83e-06,41.0,1.00409120391159,0.008908,48.27,0.00054,0.4,4.83e-06,41.0,1.00409120391159,0.008908,48.27,0.00054,0.4,4.83e-06,41.0,1.00409120391159,0.008908,48.24,0.00054,0.4,4.83e-06,41.0
1621623150.172668,FIO,1.0042039344834899,0.0011582374572753904,0.008907,48.24,0.00054,0.4,4.83e-06,41.0,1.0048808498420905,0.008901000000000001,2.23,0.00054,0.4,4.83e-06,41.0,1.0049937578027466,0.0089,0.78,0.00054,0.4,4.83e-06,41.0,1.0052196498588948,0.008898,28.43,0.00054,0.4,4.83e-06,41.0
1621623150.6147242,FIO,1.005332633971501,0.001062154769897461,0.008897,21.02,0.00054,0.4,4.83e-06,41.0,1.005445643485212,0.008896,17.81,0.00054,0.4,4.83e-06,41.0,1.005332633971501,0.008897,36.58,0.00054,0.4,4.83e-06,41.0,1.005332633971501,0.008897,17.16,0.00054,0.4,4.83e-06,41.0
1621623151.07851,FIO,1.005332633971501,0.0009140968322753906,0.008897,17.16,0.00054,0.4,4.83e-06,41.0,1.005332633971501,0.008897,74.6,0.00054,0.4,4.83e-06,41.0,1.005332633971501,0.008897,32.57,0.00054,0.4,4.83e-06,41.0,1.0055586784085941,0.008895,10.86,0.00054,0.4,4.83e-06,41.0
1621623151.5200682,FIO,1.005558678408594,0.001628875732421875,0.008895,10.83,0.00054,0.4,4.83e-06,41.0,1.005558678408594,0.008895,9.22,0.00054,0.4,4.83e-06,41.0,1.005558678408594,0.008895,9.22,0.00054,0.4,4.83e-06,41.0,1.0056717387502183,0.008893999999999999,11.8,0.00054,0.4,4.83e-06,41.0
1621623151.961306,FIO,1.0055586784085941,0.0003750324249267578,0.008895,9.22,0.00054,0.4,4.83e-06,41.0,1.0055586784085941,0.008895,9.22,0.00054,0.4,4.83e-06,41.0,1.0055586784085941,0.008895,9.22,0.00054,0.4,4.83e-06,41.0,1.0056717387502183,0.008893999999999999,3.67,0.00054,0.4,4.83e-06,41.0
1621623152.408132,FIO,1.0057848245186602,0.0005366802215576172,0.008893,12.79,0.00054,0.4,4.83e-06,41.0,1.0056717387502183,0.008893999999999999,3.67,0.00054,0.4,4.83e-06,41.0,1.0057848245186602,0.008893,12.79,0.00054,0.4,4.83e-06,41.0,1.0056717387502183,0.008893999999999999,3.67,0.00054,0.4,4.83e-06,41.0
1621623152.863872,FIO,1.0056717387502183,0.0011570453643798828,0.008893999999999999,3.61,0.00054,0.4,4.83e-06,41.0,1.0056717387502183,0.008893999999999999,3.61,0.00054,0.4,4.83e-06,41.0,1.0056717387502183,0.008893999999999999,3.61,0.00054,0.4,4.83e-06,41.0,1.0056717387502183,0.008893999999999999,3.61,0.00054,0.4,4.83e-06,41.0
1621623153.316758,FIO,1.0052196498588948,0.0006477832794189452,0.008898,3.55,0.00054,0.4,4.83e-06,41.0,1.0052196498588948,0.008898,3.55,0.00054,0.4,4.83e-06,41.0,1.0052196498588948,0.008898,3.55,0.00054,0.4,4.83e-06,41.0,1.0061242344706909,0.00889,20.89,0.00054,0.4,4.83e-06,41.0
1621623153.771594,FIO,1.0061242344706909,0.0004379749298095703,0.00889,0.4,0.00054,0.4,4.83e-06,41.0,1.0061242344706909,0.00889,0.4,0.00054,0.4,4.83e-06,41.0,1.0061242344706909,0.00889,0.38,0.00054,0.4,4.83e-06,41.0,1.0052196498588948,0.008898,17.4,0.00054,0.4,4.83e-06,41.0
1621623154.220951,FIO,1.0052196498588948,0.0003628730773925781,0.008898,17.37,0.00054,0.4,4.83e-06,41.0,1.0052196498588948,0.008898,17.37,0.00054,0.4,4.83e-06,41.0,1.005445643485212,0.008896,16.79,0.00054,0.4,4.83e-06,41.0,1.0062374220322248,0.008889,21.24,0.00054,0.4,4.83e-06,41.0
1621623154.650031,FIO,1.0062374220322248,0.0010058879852294922,0.008889,0.73,0.00054,0.4,4.83e-06,41.0,1.005445643485212,0.008896,16.79,0.00054,0.4,4.83e-06,41.0,1.0052196498588948,0.008898,0.55,0.00054,0.4,4.83e-06,41.0,1.0052196498588948,0.008898,0.55,0.00054,0.4,4.83e-06,41.0
1621623155.0923774,FIO,1.0052196498588948,0.00035500526428222656,0.008898,0.55,0.00054,0.4,4.83e-06,41.0,1.0052196498588948,0.008898,21.34,0.00054,0.4,4.83e-06,41.0,1.0052196498588948,0.008898,21.34,0.00054,0.4,4.83e-06,41.0,1.005332633971501,0.008897,37.03,0.00054,0.4,4.83e-06,41.0
1621623155.5391932,FIO,1.005332633971501,0.00032901763916015625,0.008897,37.03,0.00054,0.4,4.83e-06,41.0,1.005332633971501,0.008897,37.03,0.00054,0.4,4.83e-06,41.0,1.005332633971501,0.008897,37.03,0.00054,0.4,4.83e-06,41.0,1.0052196498588948,0.008898,8.77,0.00054,0.4,4.83e-06,41.0
1621623155.9764311,FIO,1.005332633971501,0.001069784164428711,0.008897,0.04,0.00054,0.4,4.83e-06,41.0,1.005332633971501,0.008897,0.04,0.00054,0.4,4.83e-06,41.0,1.005332633971501,0.008897,0.04,0.00054,0.4,4.83e-06,41.0,1.005332633971501,0.008897,3.08,0.00054,0.4,4.83e-06,41.0
1621623156.4271288,FIO,1.005332633971501,0.00035500526428222656,0.008897,0.01,0.00054,0.4,4.83e-06,41.0,1.005332633971501,0.008897,0.01,0.00054,0.4,4.83e-06,41.0,1.005332633971501,0.008897,0.01,0.00054,0.4,4.83e-06,41.0,1.005332633971501,0.008897,0.01,0.00054,0.4,4.83e-06,41.0
1621623156.871965,FIO,1.0051066911388296,0.00045299530029296886,0.008898999999999999,4.0,0.00054,0.4,4.83e-06,41.0,1.0049937578027466,0.0089,0.3,0.00054,0.4,4.83e-06,41.0,1.0051066911388296,0.008898999999999999,0.55,0.00054,0.4,4.83e-06,41.0,1.0049937578027466,0.0089,0.3,0.00054,0.4,4.83e-06,41.0
1621623157.3208039,FIO,1.0049937578027466,0.0004138946533203125,0.0089,0.3,0.00054,0.4,4.83e-06,41.0,1.0049937578027466,0.0089,0.3,0.00054,0.4,4.83e-06,41.0,1.0049937578027466,0.0089,0.3,0.00054,0.4,4.83e-06,41.0,1.0049937578027466,0.0089,0.3,0.00054,0.4,4.83e-06,41.0
1621623157.7757509,FIO,1.0049937578027466,0.0003829002380371094,0.0089,0.3,0.00054,0.4,4.83e-06,41.0,1.0049937578027466,0.0089,0.3,0.00054,0.4,4.83e-06,41.0,1.0049937578027466,0.0089,0.3,0.00054,0.4,4.83e-06,41.0,1.004655110012855,0.008903,0.23,0.00054,0.4,4.83e-06,41.0
1621623158.220171,FIO,1.0044294715827562,0.0005249977111816406,0.008905,4.98,0.00054,0.4,4.83e-06,41.0,1.00409120391159,0.008908,5.38,0.00054,0.4,4.83e-06,41.0,1.00409120391159,0.008908,5.35,0.00054,0.4,4.83e-06,41.0,1.0039784986468114,0.008909,37.35,0.00054,0.4,4.83e-06,41.0
1621623158.77968,FIO,1.00409120391159,0.12350893020629886,0.008908,5.35,0.00054,0.4,4.83e-06,41.0,1.00409120391159,0.008908,5.35,0.00054,0.4,4.83e-06,41.0,1.00409120391159,0.008908,14.1,0.00054,0.4,4.83e-06,41.0,1.00409120391159,0.008908,13.51,0.00054,0.4,4.83e-06,41.0
1621623159.2106311,FIO,1.0049937578027466,0.0004000663757324219,0.0089,0.38,0.00054,0.4,4.83e-06,41.0,1.0049937578027466,0.0089,0.38,0.00054,0.4,4.83e-06,41.0,1.0049937578027466,0.0089,0.38,0.00054,0.4,4.83e-06,41.0,1.0049937578027466,0.0089,0.38,0.00054,0.4,4.83e-06,41.0
1621623159.6441019,FIO,1.00409120391159,0.0010862350463867188,0.008908,4.76,0.00054,0.4,4.83e-06,41.0,1.00409120391159,0.008908,4.76,0.00054,0.4,4.83e-06,41.0,1.00409120391159,0.008908,4.76,0.00054,0.4,4.83e-06,41.0,1.00409120391159,0.008908,0.42,0.00054,0.4,4.83e-06,41.0
1621623160.099794,FIO,1.00409120391159,0.00036406517028808594,0.008908,0.42,0.00054,0.4,4.83e-06,41.0,1.00409120391159,0.008908,0.42,0.00054,0.4,4.83e-06,41.0,1.0042039344834899,0.008907,5.28,0.00054,0.4,4.83e-06,41.0,1.0045422781271838,0.008904,12.75,0.00054,0.4,4.83e-06,41.0
1621623160.5421262,FIO,1.0045422781271838,0.0003638267517089844,0.008904,12.75,0.00054,0.4,4.83e-06,41.0,1.0045422781271838,0.008904,12.75,0.00054,0.4,4.83e-06,41.0,1.004655110012855,0.008903,3.22,0.00054,0.4,4.83e-06,41.0,1.004655110012855,0.008903,3.22,0.00054,0.4,4.83e-06,41.0
1621623160.979712,FIO,1.004655110012855,0.00101470947265625,0.008903,3.22,0.00054,0.4,4.83e-06,41.0,1.004655110012855,0.008903,3.22,0.00054,0.4,4.83e-06,41.0,1.004655110012855,0.008903,3.22,0.00054,0.4,4.83e-06,41.0,1.0047679672483087,0.008902,0.67,0.00054,0.4,4.83e-06,41.0
1621623161.414356,FIO,1.0047679672483087,0.0009999275207519533,0.008902,0.67,0.00054,0.4,4.83e-06,41.0,1.0047679672483087,0.008902,0.67,0.00054,0.4,4.83e-06,41.0,1.0047679672483087,0.008902,0.67,0.00054,0.4,4.83e-06,41.0,1.0048808498420905,0.008901000000000001,12.75,0.00054,0.4,4.83e-06,41.0
1621623161.846106,FIO,1.0049937578027466,0.001712322235107422,0.0089,0.4,0.00054,0.4,4.83e-06,41.0,1.0049937578027466,0.0089,0.4,0.00054,0.4,4.83e-06,41.0,1.0047679672483087,0.008902,13.82,0.00054,0.4,4.83e-06,41.0,1.0047679672483087,0.008902,1.04,0.00054,0.4,4.83e-06,41.0
1621623162.285567,FIO,1.004655110012855,0.0003960132598876953,0.008903,2.4,0.00054,0.4,4.83e-06,41.0,1.004655110012855,0.008903,2.4,0.00054,0.4,4.83e-06,41.0,1.004655110012855,0.008903,2.4,0.00054,0.4,4.83e-06,41.0,1.004655110012855,0.008903,15.15,0.00054,0.4,4.83e-06,41.0
1621623162.720952,FIO,1.0047679672483087,0.0011279582977294922,0.008902,12.75,0.00054,0.4,4.83e-06,41.0,1.0047679672483087,0.008902,12.75,0.00054,0.4,4.83e-06,41.0,1.0047679672483087,0.008902,10.7,0.00054,0.4,4.83e-06,41.0,1.0047679672483087,0.008902,10.7,0.00054,0.4,4.83e-06,41.0
1621623163.1541722,FIO,1.0047679672483087,0.0012180805206298828,0.008902,10.7,0.00054,0.4,4.83e-06,41.0,1.0049937578027466,0.0089,0.35,0.00054,0.4,4.83e-06,41.0,1.0049937578027466,0.0089,0.35,0.00054,0.4,4.83e-06,41.0,1.0049937578027466,0.0089,0.35,0.00054,0.4,4.83e-06,41.0
1621623163.6221054,FIO,1.0049937578027466,0.0006821155548095702,0.0089,0.35,0.00054,0.4,4.83e-06,41.0,1.0049937578027466,0.0089,0.35,0.00054,0.4,4.83e-06,41.0,1.0049937578027466,0.0089,0.35,0.00054,0.4,4.83e-06,41.0,1.0049937578027466,0.0089,0.32,0.00054,0.4,4.83e-06,41.0
1621623164.044917,FIO,1.0049937578027466,0.00144195556640625,0.0089,0.32,0.00054,0.4,4.83e-06,41.0,1.0049937578027466,0.0089,0.32,0.00054,0.4,4.83e-06,41.0,1.0047679672483087,0.008902,10.7,0.00054,0.4,4.83e-06,41.0,1.0048808498420905,0.008901000000000001,3.75,0.00054,0.4,4.83e-06,41.0
1621623164.48719,FIO,1.0048808498420905,0.0010428428649902344,0.008901000000000001,3.75,0.00054,0.4,4.83e-06,41.0,1.0048808498420905,0.008901000000000001,3.75,0.00054,0.4,4.83e-06,41.0,1.0047679672483087,0.008902,10.7,0.00054,0.4,4.83e-06,41.0,1.004655110012855,0.008903,0.46,0.00054,0.4,4.83e-06,41.0
1621623164.926264,FIO,1.004655110012855,0.0010051727294921877,0.008903,0.46,0.00054,0.4,4.83e-06,41.0,1.0045422781271838,0.008904,12.75,0.00054,0.4,4.83e-06,41.0,1.0045422781271838,0.008904,12.75,0.00054,0.4,4.83e-06,41.0,1.0047679672483087,0.008902,33.54,0.00054,0.4,4.83e-06,41.0
1621623165.3606188,FIO,1.0047679672483087,0.001008749008178711,0.008902,33.54,0.00054,0.4,4.83e-06,41.0,1.0047679672483087,0.008902,33.54,0.00054,0.4,4.83e-06,41.0,1.0047679672483087,0.008902,33.54,0.00054,0.4,4.83e-06,41.0,1.0052196498588948,0.008898,1.92,0.00054,0.4,4.83e-06,41.0
1621623165.8013349,FIO,1.0052196498588948,0.00036406517028808594,0.008898,8.07,0.00054,0.4,4.83e-06,41.0,1.0047679672483087,0.008902,43.25,0.00054,0.4,4.83e-06,41.0,1.0049937578027466,0.0089,25.34,0.00054,0.4,4.83e-06,41.0,1.005558678408594,0.008895,49.89,0.00054,0.4,4.83e-06,41.0
1621623166.2497802,FIO,1.0061242344706909,0.0003428459167480469,0.00889,7.26,0.00054,0.4,4.83e-06,41.0,1.0062374220322248,0.008889,20.71,0.00054,0.4,4.83e-06,41.0,1.0062374220322248,0.008889,20.71,0.00054,0.4,4.83e-06,41.0,1.0064638735731344,0.008887,31.67,0.00054,0.4,4.83e-06,41.0
1621623166.6888714,FIO,1.0064638735731344,0.0003380775451660156,0.008887,11.25,0.00054,0.4,4.83e-06,41.0,1.0064638735731344,0.008887,11.25,0.00054,0.4,4.83e-06,41.0,1.0064638735731344,0.008887,11.19,0.00054,0.4,4.83e-06,41.0,1.0070304485976629,0.008882,1.63,0.00054,0.4,4.83e-06,41.0
1621623167.118022,FIO,1.0071438401581403,0.001918792724609375,0.008881,17.63,0.00054,0.4,4.83e-06,41.0,1.0072572572572571,0.008879999999999999,14.76,0.00054,0.4,4.83e-06,41.0,1.0072572572572571,0.008879999999999999,14.76,0.00054,0.4,4.83e-06,41.0,1.007597661872755,0.008877,45.95,0.00054,0.4,4.83e-06,41.0
1621623167.5529618,FIO,1.0072572572572571,0.0003581047058105469,0.008879999999999999,14.47,0.00054,0.4,4.83e-06,41.0,1.0072572572572571,0.008879999999999999,14.47,0.00054,0.4,4.83e-06,41.0,1.0071438401581403,0.008881,4.28,0.00054,0.4,4.83e-06,41.0,1.0071438401581403,0.008881,4.2,0.00054,0.4,4.83e-06,41.0
1621623167.9905114,FIO,1.0071438401581403,0.0009601116180419922,0.008881,4.16,0.00054,0.4,4.83e-06,41.0,1.0066904270618395,0.008884999999999999,34.47,0.00054,0.4,4.83e-06,41.0,1.006917082567201,0.008883,0.08,0.00054,0.4,4.83e-06,41.0,1.0070304485976629,0.008882,5.15,0.00054,0.4,4.83e-06,41.0
1621623168.4429598,FIO,1.0070304485976629,0.0003447532653808594,0.008882,5.15,0.00054,0.4,4.83e-06,41.0,1.0070304485976629,0.008882,5.15,0.00054,0.4,4.83e-06,41.0,1.0070304485976629,0.008882,5.15,0.00054,0.4,4.83e-06,41.0,1.0068037420581322,0.008884,18.95,0.00054,0.4,4.83e-06,41.0
1621623168.8688474,FIO,1.0068037420581322,0.0009992122650146484,0.008884,9.39,0.00054,0.4,4.83e-06,41.0,1.0068037420581322,0.008884,9.39,0.00054,0.4,4.83e-06,41.0,1.0068037420581322,0.008884,9.39,0.00054,0.4,4.83e-06,41.0,1.0068037420581322,0.008884,9.39,0.00054,0.4,4.83e-06,41.0
1621623169.317204,FIO,1.0068037420581322,0.0013549327850341795,0.008884,9.39,0.00054,0.4,4.83e-06,41.0,1.0068037420581322,0.008884,9.39,0.00054,0.4,4.83e-06,41.0,1.0068037420581322,0.008884,9.39,0.00054,0.4,4.83e-06,41.0,1.0068037420581322,0.008884,50.78,0.00054,0.4,4.83e-06,41.0
1621623169.7443054,FIO,1.0068037420581322,0.0010869503021240234,0.008884,65.44,0.00054,0.4,4.83e-06,41.0,1.0068037420581322,0.008884,65.4,0.00054,0.4,4.83e-06,41.0,1.0068037420581322,0.008884,65.4,0.00054,0.4,4.83e-06,41.0,1.0068037420581322,0.008884,0.4,0.00054,0.4,4.83e-06,41.0
1621623170.182009,FIO,1.0068037420581322,0.0003299713134765625,0.008884,0.4,0.00054,0.4,4.83e-06,41.0,1.0068037420581322,0.008884,9.75,0.00054,0.4,4.83e-06,41.0,1.0066904270618395,0.008884999999999999,0.37,0.00054,0.4,4.83e-06,41.0,1.006917082567201,0.008883,8.92,0.00054,0.4,4.83e-06,41.0
1621623170.6255634,FIO,1.006917082567201,0.00034880638122558594,0.008883,8.92,0.00054,0.4,4.83e-06,41.0,1.006917082567201,0.008883,8.92,0.00054,0.4,4.83e-06,41.0,1.006917082567201,0.008883,8.92,0.00054,0.4,4.83e-06,41.0,1.0070304485976629,0.008882,4.28,0.00054,0.4,4.83e-06,41.0
1621623171.071942,FIO,1.0071438401581403,0.0010411739349365234,0.008881,8.92,0.00054,0.4,4.83e-06,41.0,1.0071438401581403,0.008881,17.43,0.00054,0.4,4.83e-06,41.0,1.0071438401581403,0.008881,6.01,0.00054,0.4,4.83e-06,41.0,1.0071438401581403,0.008881,17.38,0.00054,0.4,4.83e-06,41.0
1621623171.5171962,FIO,1.0071438401581403,0.0003440380096435547,0.008881,17.35,0.00054,0.4,4.83e-06,41.0,1.0071438401581403,0.008881,17.35,0.00054,0.4,4.83e-06,41.0,1.0071438401581403,0.008881,17.35,0.00054,0.4,4.83e-06,41.0,1.0071438401581403,0.008881,16.89,0.00054,0.4,4.83e-06,41.0
1621623171.963131,FIO,1.0071438401581403,0.0003409385681152344,0.008881,11.41,0.00054,0.4,4.83e-06,41.0,1.0071438401581403,0.008881,10.36,0.00054,0.4,4.83e-06,41.0,1.0071438401581403,0.008881,10.14,0.00054,0.4,4.83e-06,41.0,1.0072572572572571,0.008879999999999999,5.45,0.00054,0.4,4.83e-06,41.0
1621623172.4277868,FIO,1.0071438401581403,0.0003528594970703125,0.008881,15.59,0.00054,0.4,4.83e-06,41.0,1.0071438401581403,0.008881,15.59,0.00054,0.4,4.83e-06,41.0,1.0071438401581403,0.008881,15.59,0.00054,0.4,4.83e-06,41.0,1.007370699903643,0.008879000000000001,5.45,0.00054,0.4,4.83e-06,41.0
1621623172.8749928,FIO,1.0074841681059301,0.0003409385681152344,0.008878,0.46,0.00054,0.4,4.83e-06,41.0,1.0074841681059301,0.008878,0.86,0.00054,0.4,4.83e-06,41.0,1.0074841681059301,0.008878,0.4,0.00054,0.4,4.83e-06,41.0,1.0074841681059301,0.008878,0.4,0.00054,0.4,4.83e-06,41.0
1621623173.3269818,FIO,1.00748416810593,0.0004119873046875,0.008878,0.4,0.00054,0.4,4.83e-06,41.0,1.00748416810593,0.008878,0.4,0.00054,0.4,4.83e-06,41.0,1.00748416810593,0.008878,0.4,0.00054,0.4,4.83e-06,41.0,1.00748416810593,0.008878,0.37,0.00054,0.4,4.83e-06,41.0
1621623173.765107,FIO,1.0074841681059301,0.0003399848937988281,0.008878,0.37,0.00054,0.4,4.83e-06,41.0,1.0074841681059301,0.008878,0.37,0.00054,0.4,4.83e-06,41.0,1.0071438401581403,0.008881,0.37,0.00054,0.4,4.83e-06,41.0,1.0071438401581403,0.008881,0.07,0.00054,0.4,4.83e-06,41.0
1621623174.205122,FIO,1.0071438401581403,0.0003409385681152344,0.008881,0.04,0.00054,0.4,4.83e-06,41.0,1.0071438401581403,0.008881,0.04,0.00054,0.4,4.83e-06,41.0,1.0071438401581403,0.008881,0.04,0.00054,0.4,4.83e-06,41.0,0.9937718808010916,0.008881,0.04,0.000545,607.2,4.81e-06,7597.0
1621659449.649514,STX,1.0040175916051959,365.0863060951233,0.008374,1.05,0.00314,1162.9,2.64e-05,35.0,1.003658029378287,0.008376999999999999,4.19,0.00314,1162.9,2.64e-05,35.0,1.0031790134950378,0.008381,1.24,0.00314,1162.9,2.64e-05,35.0,1.0031790134950378,0.008381,0.44,0.00314,4644.3,2.64e-05,35.0
1621659764.7499466,WAVES,1.0042406388455285,314.66145706176763,0.008364,94.09,0.06023,12.8,0.0005059,77.08,1.0042406388455285,0.008364,94.09,0.06023,12.8,0.0005059,77.08,1.0042406388455285,0.008364,94.09,0.06023,12.8,0.0005059,77.08,0.9980883422018976,0.008403,0.59,0.06032000000000001,1.8,0.0005059,77.08
1621659765.1950722,ZEN,1.0091230284924135,0.00016379356384277344,0.008402,11.43,0.3115,8.12,0.0026411,12.95,1.0091230284924135,0.008402,11.43,0.3115,8.12,0.0026411,12.95,1.0091230284924135,0.008402,11.43,0.3115,8.12,0.0026411,20.23,1.0091230284924135,0.008402,46.85,0.3115,8.12,0.0026411,12.95
1621659765.644494,ZEN,1.00866452724892,0.0002200603485107422,0.008402,11.43,0.3115,8.12,0.0026399,40.76,1.00866452724892,0.008402,11.43,0.3115,8.12,0.0026399,40.76,1.00866452724892,0.008402,11.43,0.3115,8.12,0.0026399,40.76,1.0091612369293712,0.008402,52.55,0.3115,8.12,0.0026412,0.37
1621659766.0849106,ZEN,1.0091612369293712,0.0002841949462890625,0.008402,52.55,0.3115,8.12,0.0026412,0.37,1.0091612369293712,0.008402,52.55,0.3115,8.12,0.0026412,0.37,1.0091612369293712,0.008402,52.55,0.3115,8.12,0.0026412,6.17,1.009199445366329,0.008402,17.13,0.3115,8.12,0.0026413,3.38
1621659766.542851,ZEN,1.0091612369293712,0.0005156993865966797,0.008402,11.43,0.3115,8.12,0.0026412,0.37,1.0091612369293712,0.008402,11.43,0.3115,8.12,0.0026412,0.37,1.0091612369293712,0.008402,11.43,0.3115,8.12,0.0026412,0.37,1.0091612369293712,0.008402,46.85,0.3115,8.12,0.0026412,0.37
1621659766.9991279,ZEN,1.0091612369293712,0.0003180503845214844,0.008402,46.85,0.3115,8.12,0.0026412,0.37,1.0091612369293712,0.008402,46.85,0.3115,8.12,0.0026412,0.37,1.0091612369293712,0.008402,46.85,0.3115,8.12,0.0026412,0.37,1.0092813608713935,0.008401,40.13,0.3115,8.12,0.0026412,6.17
1621659767.45634,ZEN,1.009199445366329,0.0002431869506835937,0.008402,11.43,0.3115,8.12,0.0026413,0.37,1.009199445366329,0.008402,11.43,0.3115,8.12,0.0026413,0.3,1.009199445366329,0.008402,11.43,0.3115,8.12,0.0026413,0.3,1.009199445366329,0.008402,46.85,0.3115,8.12,0.0026413,3.68
1621659767.9133348,ZEN,1.009199445366329,0.00027680397033691406,0.008402,46.85,0.3115,8.12,0.0026413,3.68,1.009199445366329,0.008402,49.48,0.3115,8.12,0.0026413,3.68,1.009199445366329,0.008402,49.48,0.3115,8.12,0.0026413,3.68,0.9943170374961384,0.008401,16.96,0.3162,75.26,0.0026413,9.48
1621661769.515708,POLS,1.0040428014644105,7.592336177825928,0.008187999999999999,7.14,0.006548999999999999,16.08,5.384e-05,10.31,1.0041654401356532,0.008187,104.74,0.006548999999999999,16.08,5.384e-05,10.31,1.0041654401356532,0.008187,69.58,0.006548999999999999,16.08,5.384e-05,10.31,1.0046562945607471,0.008183,0.09,0.006548999999999999,16.08,5.384e-05,10.31
1621661769.9704812,POLS,1.0050247504144978,0.0006136894226074219,0.00818,68.28,0.006548999999999999,16.08,5.384e-05,7.08,1.0051476290977617,0.008179,9.91,0.006548999999999999,16.08,5.384e-05,7.08,1.005270537832061,0.008178,6.5,0.006548999999999999,16.08,5.384e-05,7.08,1.0053934766284205,0.008177,6.34,0.006548999999999999,16.08,5.384e-05,7.08
1621661770.396291,POLS,1.0056394444514487,0.0005538463592529297,0.008175,0.03,0.006548999999999999,16.08,5.384e-05,7.08,1.0056394444514487,0.008175,0.11,0.006548999999999999,16.08,5.384e-05,7.08,1.0056394444514487,0.008175,0.38,0.006548999999999999,16.08,5.384e-05,7.08,1.0056394444514487,0.008175,0.3,0.006548999999999999,16.08,5.384e-05,7.08
1621661770.832403,POLS,1.0056394444514487,0.0007238388061523438,0.008175,0.3,0.006548999999999999,16.08,5.384e-05,7.08,1.0056394444514487,0.008175,0.3,0.006548999999999999,16.08,5.384e-05,7.08,1.0057624735001949,0.008173999999999999,16.05,0.006548999999999999,16.08,5.384e-05,7.08,1.0058855326551566,0.008173,6.33,0.006548999999999999,16.08,5.384e-05,7.08
1621661771.2676196,POLS,1.0058855326551566,0.0004460811614990232,0.008173,6.33,0.006548999999999999,5.89,5.384e-05,7.08,1.0058855326551566,0.008173,6.33,0.006548999999999999,5.89,5.384e-05,7.08,1.0057624735001949,0.008173999999999999,6.44,0.006548999999999999,5.89,5.384e-05,7.08,1.0060086219273854,0.008172,8.56,0.006548999999999999,5.89,5.384e-05,7.08
1621661771.7100768,POLS,1.0060086219273854,0.0005061626434326172,0.008172,6.7,0.006548999999999999,5.89,5.384e-05,7.08,1.0061317413279396,0.008171,0.84,0.006548999999999999,5.89,5.384e-05,7.08,1.0060086219273854,0.008172,6.7,0.006548999999999999,5.89,5.384e-05,7.08,1.0060086219273854,0.008172,13.0,0.006548999999999999,5.89,5.384e-05,7.08
1621661772.148475,POLS,1.0060086219273854,0.0005488395690917969,0.008172,13.0,0.006548999999999999,5.89,5.384e-05,7.08,1.0060086219273854,0.008172,13.0,0.006548999999999999,5.89,5.384e-05,7.08,1.0060086219273854,0.008172,13.0,0.006548999999999999,5.89,5.384e-05,7.08,1.0063780705582803,0.008169,68.28,0.006548999999999999,5.89,5.384e-05,7.08
1621661772.601413,POLS,1.0065012804102098,0.0005481243133544922,0.008168,68.48,0.006548999999999999,5.89,5.384e-05,7.08,1.0065012804102098,0.008168,67.55,0.006548999999999999,5.89,5.384e-05,7.08,1.0065012804102098,0.008168,0.25,0.006548999999999999,5.89,5.384e-05,7.08,1.0063780705582803,0.008169,0.48,0.006548999999999999,5.89,5.384e-05,7.08
1621661773.059071,POLS,1.0063780705582803,0.0006549358367919923,0.008169,0.48,0.006548999999999999,5.89,5.384e-05,7.08,1.0063780705582803,0.008169,6.78,0.006548999999999999,5.89,5.384e-05,7.08,1.0063780705582803,0.008169,0.48,0.006548999999999999,5.89,5.384e-05,7.08,1.0063780705582803,0.008169,0.19,0.006548999999999999,5.89,5.384e-05,7.08
1621661773.5061288,POLS,1.0061317413279396,0.0016071796417236328,0.008171,6.87,0.006548999999999999,5.89,5.384e-05,7.08,1.0061317413279396,0.008171,6.87,0.006548999999999999,5.89,5.384e-05,7.08,1.0061317413279396,0.008171,6.87,0.006548999999999999,5.89,5.384e-05,7.08,1.0059448669331907,0.008171,76.19,0.006548999999999999,5.89,5.383e-05,6.9
1621661773.9518,POLS,1.0059448669331907,0.0006401538848876952,0.008171,76.19,0.006548999999999999,5.89,5.383e-05,6.9,1.00606799359989,0.00817,8.12,0.006548999999999999,5.89,5.383e-05,6.9,1.00606799359989,0.00817,14.46,0.006548999999999999,5.89,5.383e-05,6.9,1.00606799359989,0.00817,76.64,0.006548999999999999,5.89,5.383e-05,6.9
1621661774.383774,POLS,1.00606799359989,0.0006248950958251952,0.00817,9.0,0.006548999999999999,5.89,5.383e-05,6.9,1.00606799359989,0.00817,9.0,0.006548999999999999,5.89,5.383e-05,6.9,1.00606799359989,0.00817,9.0,0.006548999999999999,5.89,5.383e-05,6.9,1.00606799359989,0.00817,9.0,0.006548999999999999,5.89,5.383e-05,6.9
1621661774.814232,POLS,1.0061911504114458,0.0014362335205078125,0.008169,6.57,0.006548999999999999,5.89,5.383e-05,6.9,1.0061911504114458,0.008169,6.57,0.006548999999999999,5.89,5.383e-05,6.9,1.0061911504114458,0.008169,6.57,0.006548999999999999,5.89,5.383e-05,6.9,1.0061911504114458,0.008169,130.01,0.006548999999999999,5.89,5.383e-05,6.9
1621661775.2790046,POLS,1.00631433737893,0.001308917999267578,0.008168,61.97,0.006548999999999999,5.89,5.383e-05,6.9,1.00643755451342,0.008167,97.37,0.006548999999999999,5.89,5.383e-05,6.9,1.00631433737893,0.008168,61.97,0.006548999999999999,5.89,5.383e-05,6.9,1.00631433737893,0.008168,0.24,0.006548999999999999,5.89,5.383e-05,6.9
1621661775.747746,POLS,1.00643755451342,0.0006771087646484375,0.008167,0.61,0.006548999999999999,5.89,5.383e-05,6.9,1.0065608018259982,0.008166,0.24,0.006548999999999999,5.89,5.383e-05,6.9,1.0065608018259982,0.008166,0.24,0.006548999999999999,5.89,5.383e-05,6.9,1.0065608018259982,0.008166,68.27,0.006548999999999999,5.89,5.383e-05,6.9
1621661776.193825,POLS,1.0065608018259982,0.0004570484161376953,0.008166,136.55,0.006548999999999999,5.89,5.383e-05,6.9,1.0065608018259982,0.008166,136.55,0.006548999999999999,5.89,5.383e-05,6.9,1.0065608018259982,0.008166,136.55,0.006548999999999999,5.89,5.383e-05,6.9,1.0068073870297771,0.008164,0.24,0.006548999999999999,5.89,5.383e-05,6.9
1621661776.6513019,POLS,1.0069307249431705,0.0005371570587158203,0.008163,7.45,0.006548999999999999,5.89,5.383e-05,6.9,1.0069307249431705,0.008163,68.66,0.006548999999999999,5.89,5.383e-05,6.9,1.0069307249431705,0.008163,6.93,0.006548999999999999,5.89,5.383e-05,6.9,1.0069307249431705,0.008163,6.93,0.006548999999999999,5.89,5.383e-05,6.9
1621661777.085536,POLS,1.0070540930790368,0.0006170272827148438,0.008162,10.94,0.006548999999999999,5.89,5.383e-05,6.9,1.0070540930790368,0.008162,10.94,0.006548999999999999,5.89,5.383e-05,6.9,1.0071774914484868,0.008161,61.73,0.006548999999999999,5.89,5.383e-05,6.9,1.0041110353929277,0.008161,97.09,0.006569,16.03,5.383e-05,6.9
1621661777.526349,POLS,1.0041110353929277,0.0004208087921142578,0.008161,97.93,0.006569,16.03,5.383e-05,6.9,1.0041110353929277,0.008161,97.93,0.006569,16.03,5.383e-05,6.9,1.0041110353929277,0.008161,77.45,0.006569,16.03,5.383e-05,6.9,1.0041110353929277,0.008161,0.84,0.006569,16.03,5.383e-05,6.9
1621661777.957668,POLS,1.0042340882158922,0.0013799667358398438,0.008159999999999999,0.84,0.006569,16.03,5.383e-05,6.9,1.0042340882158922,0.008159999999999999,0.84,0.006569,16.03,5.383e-05,6.9,1.0043571712025592,0.008159,68.03,0.006569,16.03,5.383e-05,6.9,1.0044802843640206,0.008158,7.14,0.006569,16.03,5.383e-05,6.9
1621661778.381502,POLS,1.0043571712025592,0.0013890266418457033,0.008159,6.54,0.006569,16.03,5.383e-05,6.9,1.0043571712025592,0.008159,6.54,0.006569,16.03,5.383e-05,6.9,1.0043571712025592,0.008159,6.54,0.006569,16.03,5.383e-05,6.9,1.0046034277113745,0.008157,0.24,0.006569,16.03,5.383e-05,6.9
1621661778.832625,POLS,1.0043571712025592,0.00045228004455566406,0.008159,0.48,0.006569,16.03,5.383e-05,6.9,1.0043571712025592,0.008159,0.48,0.006569,16.03,5.383e-05,6.9,1.0043571712025592,0.008159,0.48,0.006569,16.03,5.383e-05,6.9,1.0043571712025592,0.008159,90.14,0.006569,16.03,5.383e-05,6.9
1621661779.2648866,POLS,1.0047266012557234,0.0004270076751708984,0.008156,6.42,0.006569,16.03,5.383e-05,6.9,1.0047266012557234,0.008156,6.42,0.006569,16.03,5.383e-05,6.9,1.0047266012557234,0.008156,6.42,0.006569,16.03,5.383e-05,6.9,1.0043571712025592,0.008159,22.11,0.006569,16.03,5.383e-05,6.9
1621661779.6994119,POLS,1.0042340882158922,0.0004129409790039063,0.008159999999999999,0.28,0.006569,16.03,5.383e-05,6.9,1.0042340882158922,0.008159999999999999,0.28,0.006569,16.03,5.383e-05,6.9,1.0042340882158922,0.008159999999999999,0.28,0.006569,16.03,5.383e-05,6.9,1.0038650201937622,0.008163,6.77,0.006569,16.03,5.383e-05,6.9
1621661785.185049,POLS,1.0041110353929277,4.988897085189818,0.008161,3.58,0.006569,16.03,5.383e-05,6.9,1.0042340882158922,0.008159999999999999,0.48,0.006569,16.03,5.383e-05,6.9,1.0038650201937622,0.008163,0.24,0.006569,16.03,5.383e-05,6.9,1.0036191255164335,0.008165,0.46,0.006569,16.03,5.383e-05,6.9
1621662006.363306,CTSI,1.0043174891488875,220.7348620891571,0.008169,9.93,0.002389,2202.0,1.9600000000000002e-05,85.0,1.0043174891488875,0.008169,9.93,0.002389,2202.0,1.9600000000000002e-05,85.0,1.0044404467259136,0.008168,3.63,0.002389,1665.0,1.9600000000000002e-05,85.0,0.9963629165818212,0.008167,2.0,0.002389,1347.0,1.944e-05,737.0
1621662009.1111932,CTSI,1.004655432900954,2.281790971755981,0.008167,0.02,0.00239,17053.0,1.961e-05,11.0,1.004655432900954,0.008167,0.02,0.00239,17053.0,1.961e-05,11.0,1.004655432900954,0.008167,0.02,0.00239,17053.0,1.961e-05,11.0,1.004655432900954,0.008167,0.02,0.00239,17053.0,1.961e-05,11.0
1621662009.573109,CTSI,1.004655432900954,0.0011310577392578125,0.008167,0.02,0.0023899999999999998,17053.0,1.961e-05,11.0,1.004655432900954,0.008167,0.02,0.0023899999999999998,17053.0,1.961e-05,11.0,1.004655432900954,0.008167,0.02,0.0023899999999999998,17053.0,1.961e-05,11.0,1.004409465112265,0.008169,0.02,0.0023899999999999998,17053.0,1.961e-05,5.0
1621662010.0339026,CTSI,1.004409465112265,0.0005829334259033202,0.008169,0.02,0.00239,17053.0,1.961e-05,5.0,1.004409465112265,0.008169,0.02,0.00239,17053.0,1.961e-05,5.0,1.004409465112265,0.008169,0.02,0.00239,17053.0,1.961e-05,5.0,1.0042865263772451,0.00817,1.01,0.00239,17053.0,1.961e-05,5.0
1621663882.713522,DGB,1.0045777836850387,402.5300469398498,0.00818,6.82,0.00023730000000000002,15491.0,1.95e-06,68763.0,0.9895397403282798,0.00818,6.82,0.0002372,22726.0,1.92e-06,6654.0,0.9891227408591148,0.00818,6.82,0.0002372,47860.0,1.92e-06,6654.0,0.9953283331562996,0.008129,63.63,0.00023730000000000002,15491.0,1.92e-06,18350.0
1621663883.164876,TRX,1.0047252578782329,0.00019407272338867188,0.008129,69.93,0.0002461,264.0,2.01e-06,659194.0,1.0047252578782329,0.008129,69.93,0.0002461,264.0,2.01e-06,659194.0,1.0047252578782329,0.008129,69.93,0.0002461,264.0,2.01e-06,659194.0,1.0046016754356897,0.00813,12.96,0.0002461,264.0,2.01e-06,265.0
1621663883.615613,WRX,1.0045817980901819,0.0003581047058105469,0.008129,0.72,0.003561,259.0,2.908e-05,66.0,1.0045817980901819,0.008129,0.72,0.003561,259.0,2.908e-05,66.0,1.0045817980901819,0.008129,7.02,0.003561,259.0,2.908e-05,66.0,1.0048290189092028,0.008126999999999999,7.02,0.003561,259.0,2.908e-05,66.0
1621663884.068387,WRX,1.0048290189092028,0.0003879070281982422,0.008126999999999999,7.02,0.003561,259.0,2.908e-05,66.0,1.0048290189092028,0.008126999999999999,7.02,0.003561,259.0,2.908e-05,66.0,1.0049526749538629,0.008126000000000001,6.3,0.003561,259.0,2.908e-05,66.0,1.0050763614369342,0.008125,0.72,0.003561,259.0,2.908e-05,66.0
1621663884.52914,WRX,1.0050763614369342,0.0003058910369873047,0.008125,0.72,0.003561,259.0,2.908e-05,66.0,1.0050763614369342,0.008125,0.72,0.003561,259.0,2.908e-05,66.0,1.0049526749538629,0.008126000000000001,52.11,0.003561,259.0,2.908e-05,66.0,1.0050763614369342,0.008125,1.96,0.003561,259.0,2.908e-05,66.0
1621663884.978962,WRX,1.0050763614369342,0.00031495094299316406,0.008125,1.96,0.003561,259.0,2.908e-05,66.0,1.0050763614369342,0.008125,1.96,0.003561,259.0,2.908e-05,66.0,1.0050763614369342,0.008125,14.58,0.003561,259.0,2.908e-05,66.0,1.0050763614369342,0.008125,66.69,0.003561,259.0,2.908e-05,66.0
1621663885.42453,WRX,1.0050763614369342,0.0017330646514892578,0.008125,66.69,0.003561,259.0,2.908e-05,66.0,1.0050763614369342,0.008125,20.88,0.003561,259.0,2.908e-05,66.0,1.0050763614369342,0.008125,20.88,0.003561,259.0,2.908e-05,66.0,1.0050763614369342,0.008125,20.36,0.003561,259.0,2.908e-05,66.0
1621663885.862253,WRX,1.0050763614369342,0.0008821487426757812,0.008125,7.74,0.003561,259.0,2.908e-05,66.0,1.0050763614369342,0.008125,7.74,0.003561,259.0,2.908e-05,66.0,1.0050763614369342,0.008125,1.44,0.003561,259.0,2.908e-05,66.0,0.996738836076676,0.008124,63.39,0.003569,261.0,2.89e-05,40.0
1621663888.0653028,CTK,1.0066309274483038,1.7639479637145996,0.008126000000000001,0.47,0.0037579999999999996,17.4,3.074e-05,110.2,1.0066309274483038,0.008126000000000001,0.47,0.0037579999999999996,17.4,3.074e-05,110.2,1.0066309274483038,0.008126000000000001,0.47,0.0037579999999999996,17.4,3.074e-05,110.2,1.0066309274483038,0.008126000000000001,0.47,0.0037579999999999996,17.4,3.074e-05,110.2
1621663907.9891598,WABI,1.0041129286638488,19.47657585144043,0.008142,6.51,0.000718,296.0,5.87e-06,174.0,1.0041129286638488,0.008142,84.77,0.000718,296.0,5.87e-06,174.0,1.0041129286638488,0.008142,84.77,0.000718,296.0,5.87e-06,174.0,1.0041129286638488,0.008142,75.99,0.000718,296.0,5.87e-06,174.0
1621663908.4355168,WABI,1.0043596394571326,0.00010395050048828124,0.008140000000000001,6.51,0.000718,296.0,5.87e-06,174.0,1.0043596394571326,0.008140000000000001,6.51,0.000718,296.0,5.87e-06,174.0,1.0043596394571326,0.008140000000000001,6.51,0.000718,296.0,5.87e-06,174.0,1.0043596394571326,0.008140000000000001,0.21,0.000718,296.0,5.87e-06,174.0
1621663908.888993,WABI,1.0043596394571326,0.00029206275939941406,0.008140000000000001,0.21,0.000718,296.0,5.87e-06,174.0,1.0043596394571326,0.008140000000000001,0.21,0.000718,296.0,5.87e-06,174.0,1.0043596394571326,0.008140000000000001,0.21,0.000718,296.0,5.87e-06,174.0,1.0043596394571326,0.008140000000000001,6.51,0.000718,296.0,5.87e-06,174.0
1621663909.3443394,WABI,1.0043596394571326,7.724761962890625e-05,0.008140000000000001,6.51,0.000718,296.0,5.87e-06,174.0,1.0043596394571326,0.008140000000000001,78.1,0.000718,296.0,5.87e-06,174.0,1.0043596394571326,0.008140000000000001,78.1,0.000718,296.0,5.87e-06,174.0,1.0043596394571326,0.008140000000000001,0.21,0.000718,296.0,5.87e-06,174.0
1621663909.7696419,WABI,1.0043596394571326,7.987022399902344e-05,0.008140000000000001,0.21,0.000718,296.0,5.87e-06,174.0,1.0043596394571326,0.008140000000000001,0.21,0.000718,296.0,5.87e-06,174.0,1.0043596394571326,0.008140000000000001,0.21,0.000718,296.0,5.87e-06,174.0,1.0043596394571326,0.008140000000000001,0.09,0.000718,296.0,5.87e-06,174.0
1621663910.216026,WABI,1.0043596394571326,8.296966552734375e-05,0.008140000000000001,0.09,0.000718,296.0,5.87e-06,174.0,1.0043596394571326,0.008140000000000001,6.39,0.000718,296.0,5.87e-06,174.0,1.0043596394571326,0.008140000000000001,0.09,0.000718,296.0,5.87e-06,174.0,1.0043596394571326,0.008140000000000001,6.39,0.000718,296.0,5.87e-06,174.0
1621663910.669708,WABI,1.0044830403220368,7.605552673339844e-05,0.008139,1.11,0.000718,296.0,5.87e-06,174.0,1.0046064715140155,0.008138,0.09,0.000718,296.0,5.87e-06,174.0,1.0046064715140155,0.008138,0.09,0.000718,296.0,5.87e-06,174.0,1.0046064715140155,0.008138,0.09,0.000718,296.0,5.87e-06,174.0
1621663911.1287286,WABI,1.0046064715140155,7.104873657226562e-05,0.008138,0.09,0.000718,296.0,5.87e-06,174.0,1.0046064715140155,0.008138,0.09,0.000718,296.0,5.87e-06,174.0,1.0046064715140155,0.008138,0.09,0.000718,296.0,5.87e-06,174.0,1.0046064715140155,0.008138,0.09,0.000718,296.0,5.87e-06,174.0
1621663911.5941286,WABI,1.0046064715140155,7.319450378417969e-05,0.008138,0.09,0.000718,296.0,5.87e-06,174.0,1.0046064715140155,0.008138,0.09,0.000718,296.0,5.87e-06,174.0,1.0046064715140155,0.008138,0.09,0.000718,296.0,5.87e-06,174.0,1.0046064715140155,0.008138,0.09,0.000718,296.0,5.87e-06,174.0
1621663912.052036,WABI,1.0046064715140155,8.20159912109375e-05,0.008138,72.76,0.000718,296.0,5.87e-06,174.0,1.0046064715140155,0.008138,72.76,0.000718,296.0,5.87e-06,174.0,1.0047299330442496,0.008137,25.48,0.000718,296.0,5.87e-06,174.0,1.0048534249239256,0.008136,0.09,0.000718,296.0,5.87e-06,174.0
1621663912.4931679,WABI,1.0048534249239256,7.510185241699219e-05,0.008136,0.09,0.000718,296.0,5.87e-06,174.0,1.0048534249239256,0.008136,0.09,0.000718,296.0,5.87e-06,174.0,1.0048534249239256,0.008136,0.09,0.000718,296.0,5.87e-06,174.0,1.0048534249239256,0.008136,0.09,0.000718,296.0,5.87e-06,174.0
1621663912.923738,WABI,1.0048534249239256,8.511543273925781e-05,0.008136,0.09,0.000718,296.0,5.87e-06,174.0,1.0048534249239256,0.008136,0.09,0.000718,296.0,5.87e-06,174.0,1.0048534249239256,0.008136,0.09,0.000718,296.0,5.87e-06,174.0,1.0048534249239256,0.008136,0.09,0.000718,296.0,5.87e-06,174.0
1621663913.3788366,WABI,1.0048534249239256,8.511543273925781e-05,0.008136,0.09,0.000718,296.0,5.87e-06,174.0,1.0048534249239256,0.008136,0.09,0.000718,296.0,5.87e-06,174.0,1.0048534249239256,0.008136,0.09,0.000718,296.0,5.87e-06,174.0,1.0048534249239256,0.008136,0.09,0.000718,296.0,5.87e-06,174.0
1621663913.836053,WABI,1.0048534249239256,0.00015306472778320312,0.008136,0.09,0.000718,296.0,5.87e-06,174.0,1.0048534249239256,0.008136,0.09,0.000718,296.0,5.87e-06,174.0,1.0048534249239256,0.008136,0.09,0.000718,296.0,5.87e-06,174.0,1.0048534249239256,0.008136,0.09,0.000718,296.0,5.87e-06,174.0
1621663914.295116,WABI,1.0048534249239256,9.226799011230467e-05,0.008136,0.09,0.000718,296.0,5.87e-06,174.0,1.0048534249239256,0.008136,0.09,0.000718,296.0,5.87e-06,174.0,1.0048534249239256,0.008136,0.09,0.000718,296.0,5.87e-06,174.0,1.0048534249239256,0.008136,0.09,0.000718,296.0,5.87e-06,174.0
1621663914.7616134,WABI,1.0048534249239256,7.104873657226562e-05,0.008136,0.09,0.000718,296.0,5.87e-06,174.0,1.0048534249239256,0.008136,0.09,0.000718,296.0,5.87e-06,174.0,1.0048534249239256,0.008136,0.09,0.000718,296.0,5.87e-06,174.0,1.0042362689081266,0.008140999999999999,5.54,0.000718,296.0,5.87e-06,174.0
1621663915.2069368,WABI,1.0042362689081266,8.082389831542969e-05,0.008140999999999999,1.45,0.000718,296.0,5.87e-06,174.0,1.0042362689081266,0.008140999999999999,0.51,0.000718,296.0,5.87e-06,174.0,1.0042362689081266,0.008140999999999999,0.51,0.000718,296.0,5.87e-06,174.0,1.0042362689081266,0.008140999999999999,0.51,0.000718,296.0,5.87e-06,174.0
1621663915.6448839,WABI,1.0042362689081266,0.00021314620971679688,0.008140999999999999,0.51,0.000718,296.0,5.87e-06,174.0,1.0042362689081266,0.008140999999999999,0.51,0.000718,296.0,5.87e-06,174.0,1.0042362689081266,0.008140999999999999,0.02,0.000718,296.0,5.87e-06,174.0,1.0042362689081266,0.008140999999999999,0.02,0.000718,296.0,5.87e-06,174.0
1621663916.100296,WABI,1.0042362689081266,0.0002000331878662109,0.008140999999999999,0.02,0.000718,296.0,5.87e-06,174.0,1.0042362689081266,0.008140999999999999,0.02,0.000718,296.0,5.87e-06,174.0,1.0042362689081266,0.008140999999999999,2.7,0.000718,296.0,5.87e-06,174.0,1.0042362689081266,0.008140999999999999,2.7,0.000718,296.0,5.87e-06,174.0
1621663916.548277,WABI,1.0042362689081266,0.0001780986785888672,0.008140999999999999,68.86,0.000718,296.0,5.87e-06,174.0,1.0042362689081266,0.008140999999999999,9.0,0.000718,296.0,5.87e-06,174.0,1.0042362689081266,0.008140999999999999,9.0,0.000718,296.0,5.87e-06,174.0,1.0042362689081266,0.008140999999999999,68.86,0.000718,296.0,5.87e-06,174.0
1621663917.0200891,WABI,1.0044830403220368,7.915496826171875e-05,0.008139,6.48,0.000718,296.0,5.87e-06,174.0,1.0044830403220368,0.008139,6.48,0.000718,296.0,5.87e-06,174.0,1.0044830403220368,0.008139,6.48,0.000718,296.0,5.87e-06,174.0,1.0044830403220368,0.008139,8.18,0.000718,296.0,5.87e-06,174.0
1621663917.475344,WABI,1.0048534249239256,7.82012939453125e-05,0.008136,1.35,0.000718,296.0,5.87e-06,174.0,1.0048534249239256,0.008136,7.65,0.000718,296.0,5.87e-06,174.0,1.0049769471642358,0.008135,6.48,0.000718,296.0,5.87e-06,174.0,1.0049769471642358,0.008135,6.48,0.000718,296.0,5.87e-06,174.0
1621663917.920012,WABI,1.0049769471642358,0.000244140625,0.008135,0.18,0.000718,296.0,5.87e-06,174.0,1.0049769471642358,0.008135,0.18,0.000718,296.0,5.87e-06,174.0,1.0049769471642358,0.008135,0.18,0.000718,296.0,5.87e-06,174.0,1.0049769471642358,0.008135,6.48,0.000718,296.0,5.87e-06,174.0
1621663918.378207,WABI,1.0049769471642358,0.00011086463928222656,0.008135,67.69,0.000718,296.0,5.87e-06,174.0,1.0049769471642358,0.008135,135.97,0.000718,296.0,5.87e-06,174.0,1.0049769471642358,0.008135,135.97,0.000718,296.0,5.87e-06,174.0,1.0049769471642358,0.008135,144.35,0.000718,296.0,5.87e-06,174.0
1621663918.857392,WABI,1.0049769471642358,0.0003829002380371094,0.008135,144.35,0.000718,296.0,5.87e-06,174.0,1.0049769471642358,0.008135,144.35,0.000718,296.0,5.87e-06,174.0,1.0049769471642358,0.008135,144.35,0.000718,296.0,5.87e-06,174.0,1.0049769471642358,0.008135,16.21,0.000718,296.0,5.87e-06,174.0
1621663919.2976036,WABI,1.005224082771555,0.0001010894775390625,0.008133,66.34,0.000718,296.0,5.87e-06,174.0,1.005224082771555,0.008133,66.34,0.000718,296.0,5.87e-06,174.0,1.005224082771555,0.008133,66.34,0.000718,296.0,5.87e-06,174.0,1.005224082771555,0.008133,66.34,0.000718,296.0,5.87e-06,174.0
1621663919.7564259,WABI,1.0054713399558552,8.177757263183594e-05,0.008131000000000001,68.14,0.000718,296.0,5.87e-06,174.0,1.0054713399558552,0.008131000000000001,68.14,0.000718,296.0,5.87e-06,174.0,1.0054713399558552,0.008131000000000001,68.14,0.000718,296.0,5.87e-06,174.0,1.0054713399558552,0.008131000000000001,68.14,0.000718,296.0,5.87e-06,174.0
1621663920.2586231,WABI,1.0055950141674117,8.797645568847656e-05,0.00813,54.64,0.000718,296.0,5.87e-06,174.0,1.0057187188068717,0.008129,66.16,0.000718,296.0,5.87e-06,174.0,1.005842453885465,0.008128,8.28,0.000718,296.0,5.87e-06,174.0,1.005842453885465,0.008128,8.28,0.000718,296.0,5.87e-06,174.0
1621663920.7322881,WABI,1.005842453885465,8.893013000488281e-05,0.008128,10.15,0.000718,296.0,5.87e-06,174.0,1.005842453885465,0.008128,10.15,0.000718,296.0,5.87e-06,174.0,1.005842453885465,0.008128,70.39,0.000718,296.0,5.87e-06,174.0,1.005842453885465,0.008128,70.39,0.000718,296.0,5.87e-06,174.0
1621663921.178258,WABI,1.005842453885465,9.107589721679688e-05,0.008128,66.54,0.000718,296.0,5.87e-06,174.0,1.005842453885465,0.008128,66.54,0.000718,296.0,5.87e-06,174.0,1.005842453885465,0.008128,6.68,0.000718,296.0,5.87e-06,174.0,1.005842453885465,0.008128,0.38,0.000718,296.0,5.87e-06,174.0
1621663921.6349099,WABI,1.005842453885465,7.104873657226562e-05,0.008128,0.38,0.000718,296.0,5.87e-06,174.0,1.005842453885465,0.008128,0.38,0.000718,296.0,5.87e-06,174.0,1.005842453885465,0.008128,0.38,0.000718,296.0,5.87e-06,174.0,1.005842453885465,0.008128,0.38,0.000718,296.0,5.87e-06,174.0
1621663922.079728,WABI,1.005842453885465,0.0003838539123535156,0.008128,0.38,0.000718,296.0,5.87e-06,174.0,1.005842453885465,0.008128,0.38,0.000718,296.0,5.87e-06,174.0,1.005842453885465,0.008128,0.38,0.000718,296.0,5.87e-06,174.0,1.005842453885465,0.008128,0.38,0.000718,296.0,5.87e-06,174.0
1621663922.5397491,WABI,1.005842453885465,0.00018405914306640625,0.008128,0.38,0.000718,296.0,5.87e-06,174.0,1.005842453885465,0.008128,0.38,0.000718,296.0,5.87e-06,174.0,1.005842453885465,0.008128,0.38,0.000718,296.0,5.87e-06,174.0,1.005842453885465,0.008128,0.38,0.000718,296.0,5.87e-06,174.0
1621663922.9949384,WABI,1.005842453885465,0.00017213821411132812,0.008128,0.38,0.000718,296.0,5.87e-06,174.0,1.005842453885465,0.008128,0.38,0.000718,296.0,5.87e-06,174.0,1.005842453885465,0.008128,0.38,0.000718,296.0,5.87e-06,174.0,1.0055950141674117,0.00813,0.72,0.000718,296.0,5.87e-06,174.0
1621663923.491895,WABI,1.0055950141674117,0.00011610984802246094,0.00813,16.04,0.000718,296.0,5.87e-06,174.0,1.0055950141674117,0.00813,16.04,0.000718,296.0,5.87e-06,174.0,1.0055950141674117,0.00813,16.04,0.000718,296.0,5.87e-06,174.0,1.0055950141674117,0.00813,0.72,0.000718,296.0,5.87e-06,174.0
1621663923.945457,WABI,1.0055950141674117,0.00010609626770019533,0.00813,0.72,0.000718,296.0,5.87e-06,174.0,1.0055950141674117,0.00813,0.72,0.000718,296.0,5.87e-06,174.0,1.0055950141674117,0.00813,0.72,0.000718,296.0,5.87e-06,174.0,1.0055950141674117,0.00813,0.72,0.000718,296.0,5.87e-06,174.0
1621663924.4734569,WABI,1.0053476961609762,0.0001018047332763672,0.008131999999999999,0.72,0.000718,296.0,5.87e-06,174.0,1.0053476961609762,0.008131999999999999,0.72,0.000718,296.0,5.87e-06,174.0,1.0053476961609762,0.008131999999999999,0.72,0.000718,296.0,5.87e-06,174.0,1.0053476961609762,0.008131999999999999,0.72,0.000718,296.0,5.87e-06,174.0
1621663924.916545,WABI,1.005224082771555,0.0001971721649169922,0.008133,0.23,0.000718,296.0,5.87e-06,174.0,1.005224082771555,0.008133,0.23,0.000718,296.0,5.87e-06,174.0,1.0049769471642358,0.008135,0.49,0.000718,296.0,5.87e-06,174.0,1.0049769471642358,0.008135,0.49,0.000718,296.0,5.87e-06,174.0
1621663925.367134,WABI,1.0049769471642358,8.606910705566406e-05,0.008135,0.49,0.000718,296.0,5.87e-06,174.0,1.0049769471642358,0.008135,0.49,0.000718,296.0,5.87e-06,174.0,1.0047299330442496,0.008137,2.32,0.000718,296.0,5.87e-06,174.0,1.0047299330442496,0.008137,2.32,0.000718,296.0,5.87e-06,174.0
1621663925.823998,WABI,1.0047299330442496,0.00014519691467285156,0.008137,2.32,0.000718,296.0,5.87e-06,174.0,1.0047299330442496,0.008137,2.32,0.000718,296.0,5.87e-06,174.0,1.0047299330442496,0.008137,8.62,0.000718,296.0,5.87e-06,174.0,1.0047299330442496,0.008137,2.32,0.000718,296.0,5.87e-06,174.0
1621663926.2660801,WABI,1.0047299330442496,7.390975952148438e-05,0.008137,2.32,0.000718,296.0,5.87e-06,174.0,1.0046064715140155,0.008138,7.87,0.000718,296.0,5.87e-06,174.0,1.0046064715140155,0.008138,7.87,0.000718,296.0,5.87e-06,174.0,1.0043596394571326,0.008140000000000001,10.26,0.000718,296.0,5.87e-06,174.0
1621663926.712291,WABI,1.0043596394571326,8.988380432128906e-05,0.008140000000000001,10.26,0.000718,296.0,5.87e-06,174.0,1.0043596394571326,0.008140000000000001,10.26,0.000718,296.0,5.87e-06,174.0,1.0043596394571326,0.008140000000000001,10.26,0.000718,296.0,5.87e-06,174.0,1.0039896187131352,0.008143000000000001,0.42,0.000718,296.0,5.87e-06,174.0
1621663928.443324,WABI,1.0041129286638488,1.2809679508209229,0.008142,45.81,0.000718,296.0,5.87e-06,174.0,1.0041129286638488,0.008142,45.81,0.000718,296.0,5.87e-06,174.0,1.0042362689081266,0.008140999999999999,0.72,0.000718,296.0,5.87e-06,174.0,1.0042362689081266,0.008140999999999999,0.72,0.000718,296.0,5.87e-06,174.0
1621663928.8762698,WABI,1.0042362689081266,9.202957153320312e-05,0.008140999999999999,0.72,0.000718,296.0,5.87e-06,174.0,1.0042362689081266,0.008140999999999999,0.72,0.000718,296.0,5.87e-06,174.0,1.0042362689081266,0.008140999999999999,80.94,0.000718,296.0,5.87e-06,174.0,1.0047299330442496,0.008137,71.59,0.000718,296.0,5.87e-06,174.0
1621663929.318927,WABI,1.0047299330442496,0.0002157688140869141,0.008137,71.59,0.000718,296.0,5.87e-06,174.0,1.0044830403220368,0.008139,75.3,0.000718,296.0,5.87e-06,174.0,1.0044830403220368,0.008139,75.3,0.000718,296.0,5.87e-06,174.0,1.0044830403220368,0.008139,156.44,0.000718,296.0,5.87e-06,174.0
1621663929.755615,WABI,1.0046064715140155,8.106231689453125e-05,0.008138,45.81,0.000718,296.0,5.87e-06,174.0,1.0047299330442496,0.008137,0.67,0.000718,296.0,5.87e-06,174.0,1.0047299330442496,0.008137,0.67,0.000718,296.0,5.87e-06,174.0,1.0047299330442496,0.008137,6.97,0.000718,296.0,5.87e-06,174.0
1621663930.197407,WABI,1.0048534249239256,7.700920104980469e-05,0.008136,45.81,0.000718,296.0,5.87e-06,174.0,1.0048534249239256,0.008136,45.81,0.000718,296.0,5.87e-06,174.0,1.0049769471642358,0.008135,0.67,0.000718,296.0,5.87e-06,174.0,1.0049769471642358,0.008135,6.97,0.000718,296.0,5.87e-06,174.0
1621663930.633017,WABI,1.0051004997763775,9.298324584960938e-05,0.008134,52.11,0.000718,296.0,5.87e-06,174.0,1.0051004997763775,0.008134,52.11,0.000718,296.0,5.87e-06,174.0,1.005224082771555,0.008133,77.89,0.000718,296.0,5.87e-06,174.0,1.0053476961609762,0.008131999999999999,0.67,0.000718,296.0,5.87e-06,174.0
1621663931.087425,WABI,1.0053476961609762,7.605552673339844e-05,0.008131999999999999,14.2,0.000718,296.0,5.87e-06,174.0,1.0053476961609762,0.008131999999999999,14.2,0.000718,296.0,5.87e-06,174.0,1.0054713399558552,0.008131000000000001,82.15,0.000718,296.0,5.87e-06,174.0,1.0054713399558552,0.008131000000000001,81.96,0.000718,296.0,5.87e-06,174.0
1621663931.5302448,WABI,1.0053476961609762,8.726119995117188e-05,0.008131999999999999,124.14,0.000718,296.0,5.87e-06,174.0,1.0053476961609762,0.008131999999999999,124.14,0.000718,296.0,5.87e-06,174.0,1.0053476961609762,0.008131999999999999,124.14,0.000718,296.0,5.87e-06,174.0,1.0054713399558552,0.008131000000000001,7.45,0.000718,296.0,5.87e-06,174.0
1621663932.0073268,WABI,1.0054713399558552,0.00024390220642089844,0.008131000000000001,7.45,0.000718,296.0,5.87e-06,174.0,1.0054713399558552,0.008131000000000001,7.45,0.000718,296.0,5.87e-06,174.0,1.0054713399558552,0.008131000000000001,7.45,0.000718,296.0,5.87e-06,174.0,1.0054713399558552,0.008131000000000001,1.19,0.000718,296.0,5.87e-06,174.0
1621663932.4484448,WABI,1.0054713399558552,8.916854858398438e-05,0.008131000000000001,1.19,0.000718,296.0,5.87e-06,174.0,1.0054713399558552,0.008131000000000001,1.19,0.000718,296.0,5.87e-06,174.0,1.0054713399558552,0.008131000000000001,7.4,0.000718,296.0,5.87e-06,174.0,1.0054713399558552,0.008131000000000001,7.74,0.000718,296.0,5.87e-06,174.0
1621663932.896717,WABI,1.0054713399558552,7.390975952148438e-05,0.008131000000000001,1.44,0.000718,296.0,5.87e-06,174.0,1.0054713399558552,0.008131000000000001,1.44,0.000718,296.0,5.87e-06,174.0,1.0054713399558552,0.008131000000000001,1.44,0.000718,296.0,5.87e-06,174.0,1.0054713399558552,0.008131000000000001,0.78,0.000718,296.0,5.87e-06,174.0
1621663933.352021,WABI,1.0054713399558552,8.082389831542969e-05,0.008131000000000001,0.78,0.000718,296.0,5.87e-06,174.0,1.0053476961609762,0.008131999999999999,24.06,0.000718,296.0,5.87e-06,174.0,1.0053476961609762,0.008131999999999999,24.06,0.000718,296.0,5.87e-06,174.0,1.0053476961609762,0.008131999999999999,1.45,0.000718,296.0,5.87e-06,174.0
1621663933.808584,WABI,1.0048534249239256,7.104873657226562e-05,0.008136,9.06,0.000718,296.0,5.87e-06,174.0,1.0048534249239256,0.008136,2.76,0.000718,296.0,5.87e-06,174.0,1.0048534249239256,0.008136,2.55,0.000718,296.0,5.87e-06,174.0,1.0048534249239256,0.008136,4.53,0.000718,296.0,5.87e-06,174.0
1621663934.2960398,WABI,1.0048534249239256,9.298324584960938e-05,0.008136,4.49,0.000718,296.0,5.87e-06,174.0,1.0048534249239256,0.008136,4.45,0.000718,296.0,5.87e-06,174.0,1.0048534249239256,0.008136,4.15,0.000718,296.0,5.87e-06,174.0,1.0048534249239256,0.008136,2.17,0.000718,296.0,5.87e-06,174.0
1621663934.7458081,WABI,1.0043596394571326,7.82012939453125e-05,0.008140000000000001,80.84,0.000718,296.0,5.87e-06,174.0,1.0043596394571326,0.008140000000000001,80.84,0.000718,296.0,5.87e-06,174.0,1.0044830403220368,0.008139,45.62,0.000718,296.0,5.87e-06,174.0,1.0044830403220368,0.008139,45.62,0.000718,296.0,5.87e-06,174.0
1621663935.1907554,WABI,1.0044830403220368,0.00034618377685546875,0.008139,45.62,0.000718,296.0,5.87e-06,174.0,1.0044830403220368,0.008139,45.62,0.000718,296.0,5.87e-06,174.0,1.0046064715140155,0.008138,15.97,0.000718,296.0,5.87e-06,174.0,1.0044830403220368,0.008139,45.62,0.000718,296.0,5.87e-06,174.0
1621663935.638282,WABI,1.0044830403220368,0.0002288818359375,0.008139,45.62,0.000718,296.0,5.87e-06,174.0,1.0044830403220368,0.008139,45.62,0.000718,296.0,5.87e-06,174.0,1.0043596394571326,0.008140000000000001,6.26,0.000718,296.0,5.87e-06,174.0,1.0043596394571326,0.008140000000000001,6.26,0.000718,296.0,5.87e-06,174.0
1621663936.085712,WABI,1.0046064715140155,7.295608520507812e-05,0.008138,0.91,0.000718,296.0,5.87e-06,174.0,1.0046064715140155,0.008138,0.91,0.000718,296.0,5.87e-06,174.0,1.0046064715140155,0.008138,0.91,0.000718,296.0,5.87e-06,174.0,1.0046064715140155,0.008138,0.91,0.000718,296.0,5.87e-06,174.0
1621663936.530828,WABI,1.0046064715140155,0.000202178955078125,0.008138,0.91,0.000718,296.0,5.87e-06,174.0,1.0046064715140155,0.008138,0.91,0.000718,296.0,5.87e-06,174.0,1.0046064715140155,0.008138,0.73,0.000718,296.0,5.87e-06,174.0,1.0046064715140155,0.008138,0.68,0.000718,296.0,5.87e-06,174.0
1621663936.987479,WABI,1.0046064715140155,8.487701416015625e-05,0.008138,0.68,0.000718,296.0,5.87e-06,174.0,1.0046064715140155,0.008138,0.68,0.000718,296.0,5.87e-06,174.0,1.0046064715140155,0.008138,0.68,0.000718,296.0,5.87e-06,174.0,1.0046064715140155,0.008138,0.68,0.000718,296.0,5.87e-06,174.0
1621663937.44297,WABI,1.0046064715140155,8.177757263183594e-05,0.008138,0.68,0.000718,296.0,5.87e-06,174.0,1.0046064715140155,0.008138,0.68,0.000718,296.0,5.87e-06,174.0,1.0046064715140155,0.008138,0.64,0.000718,296.0,5.87e-06,174.0,1.0043596394571326,0.008140000000000001,6.26,0.000718,296.0,5.87e-06,174.0
1621663937.8898199,WABI,1.0043596394571326,0.0001959800720214844,0.008140000000000001,6.26,0.000718,296.0,5.87e-06,174.0,1.0043596394571326,0.008140000000000001,6.26,0.000718,296.0,5.87e-06,174.0,1.0043596394571326,0.008140000000000001,6.26,0.000718,296.0,5.87e-06,174.0,1.0043596394571326,0.008140000000000001,6.26,0.000718,296.0,5.87e-06,174.0
1621663938.3385,WABI,1.0043596394571326,7.700920104980469e-05,0.008140000000000001,6.26,0.000718,296.0,5.87e-06,174.0,1.0043596394571326,0.008140000000000001,6.26,0.000718,296.0,5.87e-06,174.0,1.0043596394571326,0.008140000000000001,6.26,0.000718,296.0,5.87e-06,174.0,1.0043596394571326,0.008140000000000001,6.26,0.000718,296.0,5.87e-06,174.0
1621663938.785455,WABI,1.0043596394571326,7.677078247070312e-05,0.008140000000000001,3.47,0.000718,296.0,5.87e-06,174.0,1.0043596394571326,0.008140000000000001,3.47,0.000718,296.0,5.87e-06,174.0,1.0044830403220368,0.008139,0.72,0.000718,296.0,5.87e-06,174.0,1.0043596394571326,0.008140000000000001,3.47,0.000718,296.0,5.87e-06,174.0
1621663939.245686,WABI,1.0043596394571326,7.510185241699219e-05,0.008140000000000001,3.47,0.000718,296.0,5.87e-06,174.0,1.0043596394571326,0.008140000000000001,3.47,0.000718,296.0,5.87e-06,174.0,1.0043596394571326,0.008140000000000001,3.47,0.000718,296.0,5.87e-06,174.0,1.0044830403220368,0.008139,0.72,0.000718,296.0,5.87e-06,174.0
1621663939.700067,WABI,1.0044830403220368,8.225440979003906e-05,0.008139,0.72,0.000718,296.0,5.87e-06,174.0,1.0044830403220368,0.008139,0.72,0.000718,296.0,5.87e-06,174.0,1.0044830403220368,0.008139,0.72,0.000718,296.0,5.87e-06,174.0,1.0044830403220368,0.008139,0.72,0.000718,296.0,5.87e-06,174.0
1621663940.1505609,WABI,1.0044830403220368,8.20159912109375e-05,0.008139,0.72,0.000718,296.0,5.87e-06,174.0,1.0044830403220368,0.008139,65.53,0.000718,296.0,5.87e-06,174.0,1.0042362689081266,0.008140999999999999,5.3,0.000718,296.0,5.87e-06,174.0,1.0041129286638488,0.008142,3.57,0.000718,296.0,5.87e-06,174.0
1621663946.08616,WABI,1.0041129286638488,5.455221891403198,0.008142,0.09,0.000718,296.0,5.87e-06,174.0,1.0042362689081266,0.008140999999999999,0.72,0.000718,296.0,5.87e-06,174.0,1.0042362689081266,0.008140999999999999,7.02,0.000718,296.0,5.87e-06,174.0,1.0042362689081266,0.008140999999999999,0.72,0.000718,296.0,5.87e-06,174.0
1621663946.535582,WABI,1.0042362689081266,0.00021409988403320312,0.008140999999999999,0.72,0.000718,296.0,5.87e-06,174.0,1.0042362689081266,0.008140999999999999,0.72,0.000718,296.0,5.87e-06,174.0,1.0039896187131352,0.008143000000000001,45.62,0.000718,296.0,5.87e-06,174.0,1.00361987051081,0.008145999999999999,5.78,0.000718,296.0,5.87e-06,174.0
1621663991.5694618,WABI,1.0041129286638488,44.578734636306756,0.008142,0.72,0.000718,296.0,5.87e-06,174.0,1.0041129286638488,0.008142,0.72,0.000718,296.0,5.87e-06,174.0,1.0041129286638488,0.008142,0.72,0.000718,296.0,5.87e-06,174.0,1.0038663390448257,0.008144,1.44,0.000718,296.0,5.87e-06,174.0
1621663995.4293592,WABI,1.0041129286638488,3.4048800468444824,0.008142,1.44,0.000718,296.0,5.87e-06,174.0,1.0041129286638488,0.008142,1.44,0.000718,296.0,5.87e-06,174.0,1.0041129286638488,0.008142,7.74,0.000718,296.0,5.87e-06,174.0,1.0041129286638488,0.008142,8.12,0.000718,296.0,5.87e-06,174.0
1621663995.8768358,WABI,1.0041129286638488,8.511543273925781e-05,0.008142,1.82,0.000718,296.0,5.87e-06,174.0,1.0041129286638488,0.008142,1.82,0.000718,296.0,5.87e-06,174.0,1.0041129286638488,0.008142,1.82,0.000718,296.0,5.87e-06,174.0,1.0041129286638488,0.008142,3.37,0.000718,296.0,5.87e-06,174.0
1621663996.336589,WABI,1.0041129286638488,0.0002281665802001953,0.008142,3.37,0.000718,296.0,5.87e-06,174.0,1.0041129286638488,0.008142,3.37,0.000718,296.0,5.87e-06,174.0,1.0041129286638488,0.008142,9.67,0.000718,296.0,5.87e-06,174.0,1.0042362689081266,0.008140999999999999,6.46,0.000718,296.0,5.87e-06,174.0
1621663996.763278,WABI,1.0042362689081266,0.0002129077911376953,0.008140999999999999,6.69,0.000718,296.0,5.87e-06,174.0,1.0042362689081266,0.008140999999999999,6.69,0.000718,296.0,5.87e-06,174.0,1.0043596394571326,0.008140000000000001,1.44,0.000718,296.0,5.87e-06,174.0,1.0043596394571326,0.008140000000000001,1.44,0.000718,296.0,5.87e-06,174.0
1621663997.214499,WABI,1.0041129286638488,8.0108642578125e-05,0.008142,0.38,0.000718,296.0,5.87e-06,174.0,1.0041129286638488,0.008142,0.38,0.000718,296.0,5.87e-06,174.0,1.0039896187131352,0.008143000000000001,0.26,0.000718,296.0,5.87e-06,174.0,1.0039896187131352,0.008143000000000001,0.26,0.000718,296.0,5.87e-06,174.0
1621664759.9700966,NEO,1.0046046499207126,762.3018729686737,0.008107,6.93,0.1746,41.78,0.001422,7.14,1.0046046499207126,0.008107,6.93,0.1746,41.78,0.001422,7.14,1.0046046499207126,0.008107,6.89,0.1746,41.78,0.001422,7.14,1.002308410720894,0.008107,1.66,0.175,2.63,0.001422,7.14
1621664760.429013,ZEN,1.015160981034123,0.00019621849060058602,0.008109,1.65,0.3087,10.59,0.0025412,3.54,1.0148413962769895,0.008109,1.65,0.3087,10.59,0.0025404,2.76,1.0149665617180694,0.008108,0.22,0.3087,10.59,0.0025404,2.76,0.9969417570575568,0.008112999999999999,3.24,0.3141,23.54,0.0025405,3.54
1621664760.873464,BAT,1.0049104434793046,8.487701416015625e-05,0.008112999999999999,2.93,0.00229,122.0,1.867e-05,48.0,1.0049104434793046,0.008112999999999999,2.93,0.00229,122.0,1.867e-05,48.0,1.0050343229718441,0.008112000000000001,9.63,0.00229,122.0,1.867e-05,48.0,0.9968367120105368,0.008112999999999999,8.93,0.00229,122.0,1.852e-05,760.0
1621664761.3233864,IOST,1.0041667340760076,0.00026082992553710943,0.008111,9.57,0.0001105,142246.0,9.000000000000002e-07,861091.0,0.9930093259196074,0.008111,15.57,0.0001105,142246.0,8.9e-07,4668536.0,0.9930093259196074,0.008111,17.12,0.0001105,142246.0,8.9e-07,4668536.0,0.9933767442691088,0.008108,61.43,0.0001105,142246.0,8.9e-07,4648363.0
1621664761.7874749,YFII,1.0284445344556212,0.00045490264892578125,0.008109,0.24,5.535,4.7147,0.04616,0.3864,1.0284445344556212,0.008109,0.24,5.535,4.7147,0.04616,0.3864,1.028636431927957,0.008111,61.43,5.535,4.7147,0.04618,0.3797,1.0277454519089635,0.008111,0.02,5.535,4.7147,0.04614,0.0842
1621664762.265408,YFII,1.0277454519089635,0.0005688667297363281,0.008111,0.02,5.535,4.7147,0.04614,0.0842,1.0277454519089635,0.008111,0.02,5.535,4.7147,0.04614,0.0842,1.0277454519089635,0.008111,0.02,5.535,4.7147,0.04614,0.0842,1.0277454519089635,0.008111,0.02,5.535,4.7147,0.04614,0.0842
1621664762.719546,YFII,1.0277454519089635,0.0006017684936523438,0.008111,0.02,5.535,4.7147,0.04614,0.0842,1.0277454519089635,0.008111,0.02,5.535,4.7147,0.04614,0.0842,1.0277454519089635,0.008111,0.02,5.535,4.7147,0.04614,0.0842,1.0277454519089635,0.008111,0.02,5.535,4.7147,0.04614,0.0842
1621664763.1934721,YFII,1.0281909419184605,0.0007131099700927732,0.008111,1.79,5.535,4.7147,0.04616,0.3877,1.0281909419184605,0.008111,1.79,5.535,4.7147,0.04616,0.3877,1.0281909419184605,0.008111,7.79,5.535,4.7147,0.04616,0.3877,1.027998934570675,0.008109,0.02,5.535,4.7147,0.04614,0.4694
1621664763.6599224,NMR,1.0088025338309832,0.0005960464477539062,0.008109,0.02,0.1264,2.47,0.001034,1.423,1.0088025338309832,0.008109,0.02,0.1264,2.47,0.001034,1.423,1.0088025338309832,0.008109,0.02,0.1264,2.47,0.001034,1.423,1.0088025338309832,0.008109,70.8,0.1264,2.47,0.001034,1.423
1621664764.140477,NMR,1.0088025338309832,0.0005507469177246094,0.008109,0.02,0.1264,2.47,0.001034,1.423,0.9941680676728936,0.008109,48.74,0.1264,2.47,0.001019,25.0,0.9941680676728936,0.008109,48.74,0.1264,2.47,0.001019,25.0,0.9941680676728936,0.008109,0.5,0.1264,2.47,0.001019,25.0
1621664764.605175,YFII,1.028221734513148,0.0006358623504638673,0.008109,0.5,5.535,4.7147,0.04615,0.0433,1.028221734513148,0.008109,0.5,5.535,4.7147,0.04615,0.0433,1.028221734513148,0.008109,0.5,5.535,4.7147,0.04615,0.0433,1.028221734513148,0.008109,0.5,5.535,4.7147,0.04615,0.0433
1621664765.055351,YFII,1.028221734513148,0.0006201267242431643,0.008109,0.18,5.535,4.7147,0.04615,0.0433,1.028221734513148,0.008109,0.18,5.535,4.7147,0.04615,0.0433,1.028221734513148,0.008109,0.18,5.535,4.7147,0.04615,0.0433,1.028221734513148,0.008109,0.18,5.535,4.7147,0.04615,0.0433
1621664765.5254116,STX,1.0040256349231524,0.0003981590270996094,0.008108,0.02,0.003157,1199.6,2.57e-05,1975.0,1.0040256349231524,0.008108,0.02,0.003157,1199.6,2.57e-05,1975.0,1.0040256349231524,0.008108,0.02,0.003157,1199.6,2.57e-05,1975.0,1.0040256349231524,0.008108,0.02,0.003157,1199.6,2.57e-05,1975.0
1621664765.9767132,STX,1.0040256349231524,0.00029397010803222656,0.008108,0.02,0.003157,1199.6,2.57e-05,1975.0,1.0040256349231524,0.008108,0.02,0.003157,1199.6,2.57e-05,1975.0,1.0039018187146282,0.008109,0.02,0.003157,1199.6,2.57e-05,1975.0,1.0039018187146282,0.008109,0.02,0.003157,1199.6,2.57e-05,1975.0
1621664766.448606,YFII,1.027998934570675,0.0006096363067626952,0.008109,74.24,5.535,4.7147,0.04614,0.0842,0.994750717281239,0.008109,68.24,5.72,0.0194,0.04614,0.0842,1.027998934570675,0.008109,68.24,5.72,0.0194,0.04614,0.0842,0.9951819052817944,0.008109,6.02,5.72,0.0194,0.04616,0.4007
1621664766.9232,STX,1.0042924419903927,0.0004112720489501953,0.008109,15.37,0.003157,1199.6,2.571e-05,350.0,1.0042924419903927,0.008109,15.37,0.003157,1199.6,2.571e-05,350.0,1.0042924419903927,0.008109,83.59,0.003157,1199.6,2.571e-05,350.0,1.0042924419903927,0.008109,83.59,0.003157,1199.6,2.571e-05,350.0
1621664767.4256089,STX,1.004149481677183,0.00039505958557128906,0.008107,54.74,0.003157,1199.6,2.57e-05,1975.0,1.004149481677183,0.008107,122.96,0.003157,1199.6,2.57e-05,1975.0,1.004149481677183,0.008107,122.96,0.003157,1199.6,2.57e-05,1975.0,1.0045402013198588,0.008107,6.02,0.003157,1199.6,2.571e-05,350.0
1621664767.889475,STX,1.0045402013198588,0.0004420280456542969,0.008107,54.74,0.003157,1199.6,2.571e-05,350.0,1.0045402013198588,0.008107,54.74,0.003157,1199.6,2.571e-05,350.0,1.0045402013198588,0.008107,54.74,0.003157,1199.6,2.571e-05,350.0,1.0045402013198588,0.008107,54.74,0.003157,1199.6,2.571e-05,350.0
1621664768.3752706,STX,1.0045402013198588,0.0005080699920654297,0.008107,5.02,0.003157,1199.6,2.571e-05,350.0,1.004664126831988,0.008106,0.54,0.003157,1199.6,2.571e-05,350.0,1.0044163063764302,0.008108,23.34,0.003157,1199.6,2.571e-05,350.0,1.0044163063764302,0.008108,23.34,0.003157,1199.6,2.571e-05,350.0
1621664768.862209,STX,1.004149481677183,0.000457763671875,0.008107,68.22,0.003157,1199.6,2.57e-05,1975.0,1.004149481677183,0.008107,68.22,0.003157,1199.6,2.57e-05,1975.0,1.0040256349231524,0.008108,74.44,0.003157,1199.6,2.57e-05,1975.0,1.0040256349231524,0.008108,6.22,0.003157,1199.6,2.57e-05,1975.0
1621664769.331594,STX,1.004149481677183,0.0004360675811767578,0.008107,17.56,0.003157,1199.6,2.57e-05,1975.0,1.004149481677183,0.008107,17.51,0.003157,1199.6,2.57e-05,1975.0,1.004664126831988,0.008106,23.12,0.003157,1199.6,2.571e-05,350.0,1.004273358988024,0.008106,32.46,0.003157,1199.6,2.57e-05,1975.0
1621664769.810001,STX,1.004273358988024,0.0004999637603759767,0.008106,32.46,0.003157,1199.6,2.57e-05,1975.0,1.004273358988024,0.008106,23.12,0.003157,1199.6,2.57e-05,1975.0,1.004273358988024,0.008106,23.12,0.003157,1199.6,2.57e-05,1975.0,1.004273358988024,0.008106,23.12,0.003157,1199.6,2.57e-05,1975.0
1621664770.287406,STX,1.004397266866986,0.0005071163177490233,0.008105,14.11,0.003157,1199.6,2.57e-05,1975.0,1.004397266866986,0.008105,14.06,0.003157,1199.6,2.57e-05,1975.0,1.004397266866986,0.008105,14.06,0.003157,1199.6,2.57e-05,1916.0,1.004397266866986,0.008105,82.28,0.003157,1199.6,2.57e-05,1916.0
1621664770.739945,STX,1.004397266866986,0.00047588348388671886,0.008105,87.53,0.003157,1199.6,2.57e-05,1916.0,1.004397266866986,0.008105,87.44,0.003157,1199.6,2.57e-05,1916.0,1.004397266866986,0.008105,19.22,0.003157,1199.6,2.57e-05,1916.0,1.004397266866986,0.008105,28.45,0.003157,1199.6,2.57e-05,1916.0
1621664771.208659,STX,1.004397266866986,0.0003478527069091797,0.008105,82.19,0.003157,1199.6,2.57e-05,1916.0,1.004397266866986,0.008105,82.19,0.003157,1199.6,2.57e-05,1916.0,1.004397266866986,0.008105,91.43,0.003157,1199.6,2.57e-05,1916.0,1.004788082924133,0.008105,91.43,0.003157,1199.6,2.571e-05,350.0
1621664771.6750288,STX,1.0049120696076128,0.00035190582275390625,0.008104,6.38,0.003157,1199.6,2.571e-05,1750.0,1.0049120696076128,0.008104,74.6,0.003157,1199.6,2.571e-05,1750.0,1.0050360868937551,0.008103,23.12,0.003157,1199.6,2.571e-05,1750.0,1.0051601347938899,0.008102,8.09,0.003157,1199.6,2.571e-05,1750.0
1621664772.148402,STX,1.00516013479389,0.0004398822784423828,0.008102,9.22,0.003157,1199.6,2.571e-05,1750.0,1.00516013479389,0.008102,9.22,0.003157,1199.6,2.571e-05,1750.0,1.0055510955619933,0.008102,77.44,0.003157,1199.6,2.572e-05,350.0,1.0055510955619933,0.008102,7.51,0.003157,1199.6,2.572e-05,350.0
1621664772.5884929,STX,1.0059235678779193,0.00029087066650390625,0.008099,1.86,0.003157,1199.6,2.572e-05,350.0,1.0060477866440194,0.008098000000000001,6.38,0.003157,1199.6,2.572e-05,350.0,1.0060477866440194,0.008098000000000001,6.35,0.003157,1199.6,2.572e-05,350.0,0.9976397983495344,0.008097,6.24,0.003184,1259.0,2.572e-05,350.0
1621665248.041112,POLS,1.0062045237985555,475.0034041404724,0.008106,7.32,0.006411,8.89,5.229e-05,14.12,0.9999654630402324,0.008106,7.32,0.006451,8.49,5.229e-05,14.12,1.0062045237985555,0.008106,7.32,0.006451,8.49,5.229e-05,14.12,1.000088839408282,0.008105,16.36,0.006451,8.49,5.229e-05,14.12
1621665250.126509,POLS,1.0052844626278723,1.6365461349487305,0.008097,6.0,0.006423999999999999,19.16,5.229e-05,5.69,1.0005826494758825,0.008101,0.88,0.006451,8.49,5.229e-05,5.69,1.0054086331395606,0.008095999999999999,18.79,0.006469,11.47,5.229e-05,5.69,0.9980449275201604,0.008099,0.88,0.006469,11.47,5.229e-05,5.69
1621665432.944695,NMR,1.0078268304999956,182.35497498512268,0.008119,0.4,0.1249,0.84,0.0010220000000000001,2.8,0.9942936108171362,0.008119,0.4,0.1266,2.47,0.0010220000000000001,2.8,1.0078268304999956,0.008119,0.4,0.1266,2.47,0.0010220000000000001,2.8,0.9945386012349796,0.008117000000000001,5.8,0.1266,2.47,0.0010220000000000001,2.8
1621665542.2618098,FTM,1.0174242257783772,108.86779594421387,0.008145999999999999,0.24,0.0010279999999999998,4873.0,8.52e-06,20266.0,0.9951589953379368,0.008145999999999999,0.24,0.001051,4387.0,8.52e-06,1729.0,1.0174242257783772,0.008145999999999999,0.48,0.001051,4387.0,8.52e-06,2500.0,0.9980077329200112,0.008145999999999999,0.48,0.001048,2203.0,8.52e-06,2500.0
1621665542.8254678,FTM,1.006439795504679,0.09231209754943848,0.008145999999999999,0.18,0.001038,108.0,8.51e-06,3852.0,0.9968363623414664,0.008145999999999999,0.18,0.001048,2203.0,8.51e-06,3044.0,1.006439795504679,0.008145999999999999,0.18,0.001048,2203.0,8.51e-06,3782.0,0.9968363623414664,0.008145999999999999,0.18,0.001048,2203.0,8.51e-06,3782.0
1621665545.975904,FTM,1.0074103256835651,2.69496488571167,0.008145999999999999,9.29,0.001037,121.0,8.51e-06,3782.0,0.99661596119154,0.008145999999999999,9.17,0.001047,2309.0,8.5e-06,2500.0,1.0062265297661932,0.008145999999999999,9.15,0.001047,2309.0,8.5e-06,5867.0,0.9917006974531248,0.008145999999999999,5.58,0.001046,1053.0,8.45e-06,19917.0
1621665546.57638,FTM,1.0092774790109649,0.1331160068511963,0.008145999999999999,10.89,0.001029,98.0,8.46e-06,138.0,0.9957301302994086,0.008145999999999999,10.89,0.0010429999999999999,199.0,8.46e-06,138.0,1.0092774790109649,0.008145999999999999,10.89,0.0010429999999999999,199.0,8.46e-06,138.0,1.0007722270801866,0.008144,5.64,0.001038,108.0,8.46e-06,138.0
1621665550.1168034,FTM,1.0040010864049491,3.0849251747131348,0.008137,30.0,0.001038,88.0,8.48e-06,16.0,1.0041244887017051,0.008136,5.44,0.001038,88.0,8.48e-06,16.0,1.0043713843222362,0.008134,0.04,0.001043,3124.0,8.48e-06,16.0,1.0005158319831875,0.008134,5.44,0.001042,124.0,8.48e-06,16.0
1621665550.66199,FTM,1.0241284666748598,0.06831073760986328,0.008137,27.06,0.0010140000000000001,16758.0,8.45e-06,71056.0,0.9967311935107024,0.008136,8.29,0.001042,1280.0,8.45e-06,47472.0,1.024254342838414,0.008136,8.18,0.001042,1280.0,8.45e-06,47368.0,0.9969762712568321,0.008134,0.1,0.001042,371.0,8.45e-06,45123.0
1621669626.869228,WTC,1.0090043189829807,4075.727590084076,0.008169,14.78,0.002754,7476.3,2.27e-05,20993.69,0.9829215077091552,0.008169,4.47,0.002781,27.1,2.233e-05,247.1,0.9968809138415782,0.00817,56.81,0.002798,7.2,2.243e-05,49.28,0.9801848604207593,0.008169,53.49,0.002805,6849.5,2.246e-05,641.37
1621670134.145447,COS,1.0048130545312046,506.81164503097534,0.00828,52.87,4.327e-05,41686.0,3.6e-07,802159.0,0.9888164855484473,0.00828,52.87,4.397e-05,341207.0,3.6e-07,841047.0,1.0048130545312046,0.00828,52.87,4.397e-05,341207.0,3.6e-07,841047.0,0.9885776986647116,0.008282,49.14,4.397e-05,341207.0,3.6e-07,841047.0
1621671170.2918448,COS,1.004002033511146,1035.6948039531708,0.008435,72.14,4.369e-05,41485.0,3.7e-07,659795.0,0.99919929029845,0.008435,3.86,4.39e-05,1810.0,3.7e-07,700456.0,1.004002033511146,0.008435,2.96,4.39e-05,1810.0,3.7e-07,700456.0,0.9993177630622984,0.008434,53.75,4.39e-05,1810.0,3.7e-07,700456.0
1621672953.006782,CRV,1.0115042239804,1782.2565550804138,0.008479,16.99,0.0055850000000000006,4419.23,4.79e-05,186471.72,1.0006938422523777,0.008478,67.02,0.005646,11.97,4.79e-05,146736.01,1.0116235332778736,0.008478,68.45,0.005665,431.74,4.79e-05,103617.08,0.9979252321915764,0.008476000000000001,0.9,0.0056630000000000005,246.59,4.79e-05,93757.89
1621673128.03047,ARPA,1.008218446841316,174.56183886528015,0.008438,3.67,0.00012930000000000005,2474.0,1.1e-06,17269.0,0.9868343505341608,0.008438,3.67,0.00012969999999999998,617.0,1.08e-06,355331.0,0.999052824597304,0.008438,3.67,0.00012969999999999998,617.0,1.09e-06,5518.0,0.996089753718179,0.008437,1.28,0.00012969999999999998,617.0,1.09e-06,11226.0
1621673337.789537,WING,1.0044448303816695,209.29915404319763,0.008444,11.17,0.0731,0.01,0.00062,754.846,0.990077576239157,0.008444,11.17,0.0744,3.38,0.0006219999999999999,27.86,1.0109251196099385,0.008444,0.35,0.0744,3.38,0.000624,76.64399999999998,0.9948528700152302,0.008444,0.35,0.0744,3.38,0.000625,57.864
1621674059.102376,CTSI,1.0054885152524948,720.844975233078,0.008393000000000001,0.58,0.002396,19.0,2.022e-05,20.0,1.0034994182885928,0.008393000000000001,0.58,0.002396,17.0,2.018e-05,27.0,1.0034994182885928,0.008393000000000001,0.58,0.002409,70.0,2.018e-05,27.0,0.9980841038686048,0.008393000000000001,0.58,0.002409,70.0,2.018e-05,27.0
1621692952.1660008,HBAR,1.0235712973480735,363.5944628715515,0.008451,19.74,0.0008705,9.0,7.53e-06,15621.0,1.0235712973480735,0.008451,19.74,0.0008705,9.0,7.53e-06,15621.0,1.0250519153448503,0.00845,52.43,0.0008999,21404.0,7.54e-06,293.0,0.9943109760975928,0.008449,24.44,0.0008999,3245.0,7.56e-06,293.0
1621693485.921707,UNI,1.0041806441416006,533.2794952392578,0.008477,6.32,0.06592,121.5,0.00056114,459.7,1.0041806441416006,0.008477,6.32,0.06592,121.5,0.00056114,459.7,1.0008925360867107,0.008505,50.6,0.06609,107.0,0.00056115,933.9,0.998310835576277,0.008504000000000001,45.9,0.06609,107.0,0.00056108,1050.6
1621693486.365921,ALGO,1.0052159891724104,0.0009238719940185547,0.008505,4.7,0.002978,701.3,2.546e-05,714.0,1.0052159891724104,0.008505,48.77,0.002978,701.3,2.546e-05,714.0,1.0052159891724104,0.008505,4.7,0.002978,701.3,2.546e-05,714.0,1.0052159891724104,0.008505,4.7,0.002978,701.3,2.546e-05,2339.0
1621693486.834608,ALGO,1.0052159891724104,0.0008058547973632812,0.008505,48.37,0.002978,701.3,2.546e-05,2339.0,1.0052159891724104,0.008505,4.3,0.002978,701.3,2.546e-05,2339.0,1.0052159891724104,0.008505,48.37,0.002978,701.3,2.546e-05,2339.0,1.0053341942510996,0.008504000000000001,5.27,0.002978,701.3,2.546e-05,2339.0
1621693487.309492,EGLD,1.007480942645181,0.0005850791931152344,0.008503,50.6,0.2965,4.51,0.0025399999999999997,1.209,1.007480942645181,0.008503,50.6,0.2965,4.51,0.0025399999999999997,5.409,1.007480942645181,0.008503,4.7,0.2965,4.51,0.0025399999999999997,4.2,1.0070842966047693,0.008503,4.7,0.2965,4.51,0.002539,46.90600000000001
1621693487.787811,EGLD,1.007480942645181,0.0004248619079589844,0.008503,4.7,0.2965,4.51,0.00254,1.209,1.007480942645181,0.008503,50.6,0.2965,4.51,0.00254,1.209,1.007480942645181,0.008503,50.6,0.2965,4.51,0.00254,1.209,1.0073624712267135,0.008504000000000001,5.27,0.2965,4.51,0.00254,1.209
1621693488.248325,EGLD,1.0073624712267135,0.00043702125549316406,0.008504000000000001,4.7,0.2965,4.51,0.0025399999999999997,1.209,1.006965871828593,0.008504000000000001,4.7,0.2965,4.51,0.002539,46.90600000000001,1.007480942645181,0.008503,48.77,0.2999,4.52,0.0025399999999999997,7.9910000000000005,0.996176173834782,0.008502,45.9,0.2999,4.52,0.0025399999999999997,7.9910000000000005
1621693488.726812,ICP,1.0049788852785977,0.0010178089141845703,0.008506,28.02,0.4395,17.12,0.003757,0.84,1.0050970485808053,0.008505,44.07,0.4395,17.12,0.003757,0.84,1.0050970485808053,0.008505,44.07,0.4395,17.12,0.003757,0.84,1.0053334585651827,0.008503,4.7,0.4395,17.12,0.003757,0.84
1621693489.160855,ICP,1.0053334585651827,0.0013651847839355467,0.008503,4.7,0.4395,17.12,0.003757,0.84,1.0053334585651827,0.008503,4.7,0.4395,17.12,0.003757,0.84,1.0053334585651827,0.008503,4.7,0.4395,17.12,0.003757,0.84,1.0053334585651827,0.008503,4.7,0.4395,17.12,0.003757,0.84
1621693489.6040902,ICP,1.0053334585651827,0.0005028247833251953,0.008503,4.7,0.4395,17.12,0.003757,0.84,1.0052152396730656,0.008504000000000001,44.6,0.4395,17.12,0.003757,0.84,1.0052152396730656,0.008504000000000001,49.3,0.4395,17.12,0.003757,0.84,1.0052152396730656,0.008504000000000001,0.53,0.4395,17.12,0.003757,0.84
1621693490.0473368,ICP,1.0052152396730656,0.0013377666473388672,0.008504000000000001,0.53,0.4395,17.12,0.003757,0.84,1.0052152396730656,0.008504000000000001,0.53,0.4395,17.12,0.003757,0.84,1.0049788852785977,0.008506,4.08,0.4395,17.12,0.003757,0.84,1.0049788852785977,0.008506,4.08,0.4395,17.12,0.003757,0.84
1621693490.5089884,ICP,1.0050970485808053,0.002893209457397461,0.008505,1.43,0.4395,17.12,0.003757,0.84,0.9978318338632572,0.008505,1.43,0.4427,0.13,0.003757,0.84,1.0050970485808053,0.008505,1.43,0.4426,1.01,0.003757,0.84,0.9980572816341255,0.008505,1.43,0.4426,1.01,0.003757,0.84
1621693802.575638,ALGO,1.0043600124571783,311.60359978675837,0.00845,0.02,0.0030399999999999997,1722.2,2.58e-05,180988.0,1.0030402226904809,0.00845,0.02,0.0030440000000000003,98.7,2.58e-05,84018.0,1.0042411673486165,0.008451,0.03,0.003052,170.4,2.58e-05,28078.0,0.9991295127737372,0.008451,0.03,0.003052,170.4,2.577e-05,1059.0
1621694061.6490262,POLS,1.0040924431522866,258.62658381462103,0.008345,9.81,0.006293,3.68,5.273e-05,10.0,1.0040924431522866,0.008345,9.81,0.006293,3.68,5.273e-05,10.0,1.0040924431522866,0.008345,9.81,0.006293,3.68,5.273e-05,10.0,1.0015424094994465,0.008348999999999999,25.13,0.006306,15.87,5.273e-05,10.0
1621694065.877853,INJ,1.004191130632274,3.765158891677856,0.008317,10.32,0.03203,41.2,0.00026751,2.3,1.0029386315607027,0.008317,5.08,0.03207,129.7,0.00026751,2.3,1.0040704055624694,0.008318,5.39,0.03207,129.7,0.00026751,2.3,1.0028180570678484,0.008318,8.25,0.03207,129.7,0.00026751,2.3
1621694081.827133,ARPA,1.0050349432803365,15.196372032165527,0.008324,1.98,0.00012790000000000002,446.0,1.07e-06,8230.0,0.9917324732139544,0.008325,9.92,0.0001296,12356.0,1.07e-06,7784.0,1.0050349432803365,0.008324,2.0,0.0001299,2000.0,1.07e-06,15059.0,0.9894420979871322,0.008325,5.7,0.0001299,2000.0,1.07e-06,15059.0
1621694893.070325,AVA,1.005131857021156,810.7326490879059,0.008386,4.03,0.00923,0.2,7.780000000000001e-05,50.0,0.9922317690166064,0.008386,4.03,0.00935,75.3,7.780000000000001e-05,50.0,1.0050120129938491,0.008387,20.41,0.00935,75.3,7.780000000000001e-05,50.0,0.9921134630944628,0.008387,6.13,0.00935,75.3,7.780000000000001e-05,50.0
1621694916.8816788,ALGO,1.0042073385150432,23.330745935440067,0.008371,0.02,0.003087,33.9,2.595e-05,5817.0,0.9996898834361596,0.008371,0.02,0.003089,59.4,2.585e-05,906.0,1.0003375607172975,0.008371,0.02,0.003089,59.4,2.585e-05,906.0,0.9996898834361596,0.008371,0.02,0.003089,59.4,2.585e-05,1027.0
1621695549.186531,BCH,1.0062845984789437,631.8664860725403,0.00837,1.03,2.106,0.09,0.017738,0.04,0.9978890807906352,0.00837,5.94,2.123,28.439,0.017731999999999998,2.793,1.0059442158207592,0.00837,5.94,2.123,28.439,0.017731999999999998,2.793,0.9976010645729628,0.008371,7.99,2.123,28.439,0.017728999999999998,27.212
1621695701.69049,HBAR,1.0042902400989056,152.0479459762573,0.008374,0.02,0.0008704,7.0,7.32e-06,1171.0,1.001546277694264,0.008374,0.02,0.0008704,7.0,7.299999999999999e-06,146.0,1.0013071310185966,0.008376,0.4,0.0008704,7.0,7.299999999999999e-06,146.0,0.9987667070642592,0.008376,5.4,0.0008762,4.0,7.33e-06,15771.0
1621696372.399134,CTSI,1.0089003703655703,670.2358117103578,0.008323,38.5,0.002327,46.0,1.954e-05,7.0,0.9973757420591494,0.008323,38.49,0.0023309999999999997,10923.0,1.935e-05,90.0,1.001671810905428,0.008323,11.92,0.0023309999999999997,3602.0,1.9399999999999997e-05,462.0,0.999952940359044,0.008323,76.89,0.0023309999999999997,2018.0,1.9399999999999997e-05,552.0
1621696493.478766,BLZ,1.0040209517875225,120.61302495002748,0.008328,39.86,0.000592,210.0,4.95e-06,1015.0,0.9956120660941596,0.008328,39.86,0.000597,181.0,4.95e-06,1015.0,1.0040209517875225,0.008328,39.86,0.000597,181.0,4.95e-06,1015.0,0.9951340958271916,0.008331999999999999,0.22,0.000597,181.0,4.95e-06,1015.0
1621697622.612392,DGB,1.007217097897628,1128.657389163971,0.008327,0.36,0.0002325,556.0,1.95e-06,332756.0,1.007217097897628,0.008327,0.36,0.0002325,556.0,1.95e-06,332756.0,1.0018112644381532,0.008329000000000001,0.37,0.0002327,15080.0,1.94e-06,4214.0,0.9980165193340492,0.008331999999999999,86.06,0.0002333,21870.0,1.94e-06,9600.0
1621697963.369627,CTK,1.0041161605883882,340.30082130432135,0.008268000000000001,42.58,0.003887,13.5,3.227e-05,35.0,1.0041161605883882,0.008268000000000001,41.68,0.003887,13.5,3.227e-05,35.0,1.0041161605883882,0.008268000000000001,41.68,0.003887,13.5,3.227e-05,35.0,1.0041161605883882,0.008268000000000001,41.68,0.003887,13.5,3.227e-05,35.0
1621697966.1853151,SAND,1.0099424946216928,2.339176177978516,0.008269,0.79,0.0011651,648.0,9.73e-06,954.0,1.0099424946216928,0.008269,0.79,0.0011651,648.0,9.73e-06,954.0,1.0095762195390208,0.008272,6.81,0.0011747,687.0,9.73e-06,954.0,0.9906128986810592,0.008272,6.74,0.0011752000000000002,1424.0,9.63e-06,726.0
1621698026.7486892,SAND,1.0044581915114947,60.061070919036865,0.008278,1.93,0.0011305,153.0,9.4e-06,2694.0,0.9890464473783044,0.008281,0.48,0.0011477,6304.0,9.4e-06,1594.0,1.0040943013322248,0.008281,0.48,0.0011472,715.0,9.4e-06,1271.0,0.9868515441193824,0.008281,0.48,0.0011527000000000002,1614.0,9.42e-06,2190.0
1621698147.323906,PAXG,1.004016064257028,120.11265587806702,0.008255,68.17,5.976,0.354,0.049530000000000005,0.0012,1.004016064257028,0.008255,20.87,5.976,0.354,0.049530000000000005,0.0012,1.004016064257028,0.008255,57.32,5.976,0.354,0.049530000000000005,0.0012,1.004016064257028,0.008255,54.7,5.976,0.354,0.049530000000000005,0.0012
1621698147.779584,PAXG,1.0041377041969672,0.0014450550079345703,0.008254,3.21,5.976,0.354,0.04953,0.0012,1.0041377041969672,0.008254,1.4,5.976,0.354,0.04953,0.0012,1.004016064257028,0.008255,57.53,5.976,0.354,0.04953,0.0012,1.0032052295594653,0.008255,40.29,5.976,0.354,0.04949,0.0204
